,City,Country,Date,Latitude,Longitude,Cloudiness (%),Humidity (%),Max Temp (F),Wind Speed (mph),Maximum Temperature (F)
0,abu zabad,SD,1629358217,14.2,24.6667,96,50,,3.61,81.734
1,sao joao da barra,AU,1629358217,-14.25,129.55,0,58,,4.77,81.46400000000003
2,north bend,IN,1629358217,25.5198,90.2201,100,95,,3.35,75.52400000000002
3,albany,KZ,1629358477,54.9056,70.4439,100,36,,2.17,79.08800000000005
4,hermanus,NZ,1629358218,-46.1927,168.8643,100,96,,3.23,44.74399999999997
5,tiksi,CA,1629358210,53.4001,-117.5857,100,81,,1.57,63.37400000000001
6,taolanaro,GL,1629358478,65.6145,-37.6368,100,89,,1.2,41.432000000000016
7,butaritari,RU,1629358478,55.1153,83.9059,32,60,,5.02,70.06999999999996
8,castro,CK,1629358220,-21.2078,-159.775,5,83,,6.69,71.924
9,ushuaia,AR,1629358089,-54.8,-68.3,40,74,,7.72,30.127999999999965
10,vaini,CL,1629358210,-53.15,-70.9167,75,55,,5.66,32.377999999999965
11,azimur,AR,1629358200,-38.0023,-57.5575,75,100,,2.57,48.48800000000004
12,tasiilaq,US,1629358163,19.7297,-155.09,40,87,,0,76.06400000000004
13,arraial do cabo,BR,1629358222,-10.4056,-36.4344,64,87,,5.35,72.62599999999999
14,bedele,CA,1629358222,70.4692,-68.5914,100,96,,2.4,38.87599999999999
15,la ronge,ZA,1629358223,-34.5322,20.0403,99,87,,2.06,51.38599999999997
16,sabang,CN,1629358223,30.0145,118.4037,50,65,,0.57,86.342
17,bethel,NO,1629358224,63.1115,7.732,75,87,,5.66,53.924000000000014
18,togur,,,,,,,,,
19,nabire,CA,1629358224,47.1666,-55.1483,96,95,,4.74,63.01400000000004
20,trenggalek,MX,1629358225,27.2333,-100.15,78,66,,8.71,82.83200000000002
21,lebu,RU,1629358225,63.9333,31.65,83,64,,6.99,63.53599999999997
22,busselton,AU,1629358226,-20.1,146.2667,0,29,,3.1,69.63800000000005
23,bluff,US,1629358226,34.7392,-112.0099,0,92,,0.45,74.03000000000004
24,ponta do sol,IN,1629358227,11.6667,92.75,44,70,,5.21,85.06400000000004
25,husavik,,,,,,,,,
26,cape town,AU,1629358228,-24.8667,113.6333,1,66,,4.12,71.94200000000001
27,corinth,US,1629358228,48.4111,-114.3376,1,89,,0,50.01799999999999
28,rikitea,AU,1629358229,-42.7826,147.0587,94,64,,1.24,55.16600000000001
29,matveyevka,,,,,,,,,
30,mar del plata,CL,1629358230,-41.8697,-73.8203,100,83,,5.48,42.69199999999999
31,airai,NZ,1629358231,-46.6,168.3333,100,89,,3.93,45.067999999999984
32,lavrentiya,RU,1629358231,71.6872,128.8694,90,82,,1.35,52.772000000000034
33,jamestown,TL,1629358232,-8.9266,125.4092,72,57,,1.61,69.38599999999997
34,pevek,TO,1629358232,-21.2,-175.2,75,88,,4.47,73.83200000000002
35,belushya guba,GF,1629358233,5.3833,-52.95,14,89,,3.04,76.51400000000004
36,anloga,,,,,,,,,
37,nanortalik,CD,1629358221,-6.15,23.6,3,47,,3.39,85.83800000000005
38,san patricio,,,,,,,,,
39,upernavik,ES,1629358234,43.2686,-7.5406,42,91,,2.65,60.188000000000045
40,chulym,PF,1629358235,-9.8,-139.0333,13,74,,8.28,78.24199999999999
41,itarema,,,,,,,,,
42,torbay,US,1629358155,36.707,-97.0856,20,90,,4.12,77.09000000000003
43,kapaa,MU,1629358236,-20.4081,57.7,40,64,,7.72,75.75800000000001
44,sur,US,1629358236,57.79,-152.4072,99,89,,1.53,54.51799999999999
45,chimbote,PK,1629358236,25.2088,64.6357,25,75,,8.25,80.74399999999997
46,saint george,US,1629358237,22.0752,-159.319,20,76,,4.63,81.19399999999997
47,tomatlan,RU,1629358237,73.5069,80.5464,100,88,,4.44,40.81999999999996
48,plessisville,US,1629358238,42.6001,-73.9662,100,94,,5.02,73.81400000000004
49,saint-philippe,CA,1629358211,50.1123,-120.7942,84,63,,0.99,59.935999999999964
50,port alfred,,,,,,,,,
51,quelimane,,,,,,,,,
52,deep river,US,1629358239,64.5011,-165.4064,90,81,,4.63,46.742
53,thompson,,,,,,,,,
54,aasiaat,MG,1629358240,-13.2,49.05,27,37,,5.33,91.00399999999996
55,maniitsoq,CA,1629358240,69.4541,-133.0374,100,80,,5.75,41.70199999999998
56,hobart,PF,1629358241,-16.4833,-151.75,27,68,,10.1,78.51199999999996
57,kloulklubed,AU,1629358241,-33.65,115.3333,100,81,,3.37,60.35
58,sorland,,,,,,,,,
59,sanson,PH,1629358242,15.0286,120.6898,100,68,,2.86,90.40999999999998
60,adre,CA,1629358243,62.456,-114.3525,90,94,,2.06,57.992
61,kalat,CA,1629358243,54.5163,-128.6035,90,94,,4.63,59.18000000000004
62,severo-kurilsk,ZA,1629358243,-34.4187,19.2345,53,72,,4.13,57.16400000000003
63,maarianhamina,US,1629358244,28.017,-97.5169,20,78,,5.52,86.16199999999995
64,agucadoura,GL,1629358244,77.484,-69.3632,96,90,,0.01,39.55999999999998
65,nikolskoye,MR,1629358245,20.931,-17.0347,79,94,,4.12,71.85199999999998
66,guerrero negro,AU,1629358245,-38.2667,141.9667,12,81,,4.27,54.68000000000004
67,cabo san lucas,NZ,1629358246,-45.75,170.5667,100,55,,2.04,54.067999999999984
68,tazovskiy,CL,1629358052,-29.9533,-71.3436,0,82,,1.54,57.2
69,tazmalt,NU,1629358246,-19.0595,-169.9187,3,88,,2.06,71.76199999999996
70,verkhnyaya inta,US,1629358247,42.097,-79.2353,90,99,,1.34,71.45600000000003
71,chuchkovo,KR,1629358247,35.2442,129.2139,100,88,,0.9,86.0
72,mataura,ES,1629358248,36.7496,-3.0206,31,85,,1.52,85.08200000000002
73,new norfolk,GL,1629358248,61.994,-49.6678,100,99,,5.75,43.592
74,hualmay,NO,1629358249,71.0357,27.8492,100,97,,12,48.650000000000006
75,dzhusaly,NZ,1629358249,-46.1333,167.6833,100,91,,5.06,45.08599999999997
76,tuktoyaktuk,NZ,1629358249,-45.4167,167.7167,100,94,,2.47,43.016000000000005
77,hasaki,US,1629358250,40.973,-117.7357,90,36,,2.06,62.924000000000014
78,leningradskiy,BR,1629358250,-5.3686,-49.1178,0,94,,0,68.45
79,luderitz,PF,1629358051,-23.1203,-134.9692,98,68,,9.68,69.674
80,tiarei,AU,1629358251,-20.0167,148.2333,2,69,,7.51,72.08599999999997
81,narsaq,GB,1629358240,51.7522,-1.256,75,79,,0.45,60.89000000000002
82,hilo,CL,1629358252,-25.4,-70.4833,22,68,,0.78,58.98200000000001
83,bambous virieux,MV,1629358253,-0.6,73.0833,38,72,,3.41,82.58000000000004
84,atuona,,,,,,,,,
85,trincomalee,US,1629357975,45.5234,-122.6762,20,74,,0.45,65.89399999999998
86,geraldton,,,,,,,,,
87,qaanaaq,NG,1629358254,11.7594,9.3392,72,75,,3.28,78.35
88,puerto ayora,PK,1629358254,25.05,61.7417,37,72,,4.82,81.59000000000003
89,kavieng,AR,1629358232,-31.4135,-64.1811,0,62,,2.06,64.02200000000005
90,pekan,,,,,,,,,
91,pisco,RU,1629358255,59.7035,30.7861,100,59,,6.23,63.28399999999999
92,hofn,RO,1629358255,44.15,23.1833,0,32,,3.09,75.50600000000003
93,gibara,MV,1629358256,2.6708,72.8944,100,73,,3.98,82.52599999999998
94,saint-augustin,,,,,,,,,
95,katsuura,ZA,1629358257,-29.0642,30.5928,33,51,,1.44,62.76199999999996
96,buchanan,TZ,1629358033,-7.9139,39.6668,6,72,,3.66,77.09000000000003
97,tonder,CA,1629358209,47.6666,-52.7314,75,85,,8.75,67.83800000000005
98,kaitangata,US,1629358211,20.8947,-156.47,40,84,,5.14,77.28800000000004
99,tabiauea,,,,,,,,,
100,kruisfontein,CA,1629357993,55.7435,-97.8558,75,93,,1.03,41.432000000000016
101,chapais,FR,1629358258,49.5833,0.3333,90,82,,5.14,60.61999999999996
102,juneau,AO,1629358259,-14.6585,17.691,0,16,,0.84,79.98800000000006
103,klamath falls,EC,1629358259,-0.95,-80.7333,90,83,,3.6,73.45399999999995
104,barrow,,,,,,,,,
105,moose jaw,ZA,1629358364,-33.9258,18.4232,20,70,,1.34,59.377999999999965
106,noshiro,IN,1629358261,28.0667,95.3333,100,100,,0.87,77.54000000000002
107,dikson,BY,1629358261,52.6333,29.7333,3,45,,4.3,69.16999999999996
108,hamilton,EC,1629358262,-0.7393,-90.3518,72,85,,4.92,71.816
109,tromso,ZA,1629358262,-33.5906,26.891,84,88,,7.27,56.696000000000055
110,alofi,GW,1629358262,11.2833,-15.8333,100,89,,10.13,77.558
111,waipawa,SA,1629358263,25.0213,37.2685,0,49,,5.61,91.41799999999998
112,arak,RU,1629358263,53.2514,140.1822,18,50,,1.45,84.23599999999996
113,saint-lo,AU,1629358529,-28.65,153.6167,70,69,,2.78,66.41600000000001
114,ketchikan,CV,1629358264,15.2833,-23.7667,88,87,,4.12,78.06199999999995
115,ozgon,ZA,1629358265,-34.0527,23.3716,100,83,,1.91,53.25800000000001
116,srbac,,,,,,,,,
117,maragogi,KI,1629358265,3.0707,172.7902,18,74,,5.03,83.53399999999999
118,deputatskiy,TC,1629358266,21.4612,-71.1419,100,76,,6.92,82.45399999999995
119,banyo,CL,1629358266,-35.3333,-72.4167,28,93,,3.53,51.25999999999998
120,tezu,,,,,,,,,
121,amambai,RU,1629358267,64.3833,-173.3,100,95,,4.63,41.41400000000003
122,east london,JP,1629358267,26.1842,127.7558,75,79,,4.63,83.75
123,sukhoverkovo,RU,1629358268,70.6333,147.9167,100,46,,0.59,65.15600000000003
124,chokurdakh,KZ,1629358269,47.9714,80.4392,89,26,,5.7,81.30199999999998
125,wairoa,SO,1629358269,8.4054,48.4845,70,28,,13.67,90.75199999999998
126,sompeta,JP,1629358269,28.3667,129.4833,100,84,,4.75,76.38800000000005
127,syracuse,US,1629358270,42.1584,-72.3287,90,87,,1.54,74.35399999999996
128,pitimbu,PT,1629358270,32.6667,-17.1,0,72,,0.77,75.27200000000005
129,honningsvag,NP,1629358271,29.2747,82.1838,99,78,,2.26,71.65399999999995
130,tsihombe,JP,1629358271,35.1333,140.3,61,83,,7.95,86.37799999999996
131,saldanha,RU,1629358272,47.4196,47.2568,2,14,,7.92,98.97799999999997
132,samusu,NO,1629358272,70.8578,29.0864,90,93,,10.29,50.07200000000004
133,zhanaozen,US,1629358273,41.3712,-73.414,90,93,,0.45,77.84600000000006
134,hithadhoo,MU,1629358273,-20.5167,57.5167,40,64,,7.72,75.84800000000003
135,ballina,TR,1629358028,38.4017,33.4131,0,35,,5.98,80.02400000000002
136,cayenne,,,,,,,,,
137,beyla,AW,1629358274,12.524,-70.027,20,89,,6.69,80.816
138,hirara,CA,1629358209,50.6996,-127.4199,75,100,,1.54,55.85
139,guadalupe victoria,US,1629358275,40.7391,-114.0733,1,63,,0,58.477999999999966
140,sept-iles,GY,1629358275,6.25,-57.5167,100,97,,0.8,74.40800000000002
141,kalmunai,MY,1629358142,5.4112,100.3354,40,74,,1.54,84.41600000000001
142,halalo,AU,1629358107,-42.8794,147.3294,75,74,,3.09,55.52599999999999
143,saleaula,,,,,,,,,
144,bengkulu,PG,1629358276,-2.0226,147.2712,100,73,,3.1,83.13800000000005
145,luanda,HK,1629358056,22.2855,114.1577,43,80,,0.45,88.12400000000002
146,buraydah,RU,1629358277,50.6789,156.125,65,88,,3.17,57.01999999999996
147,chancay,,,,,,,,,
148,yellowknife,ID,1629358277,-9.1061,124.8925,28,57,,0.69,80.94200000000001
149,lugovoy,BR,1629358278,-30.1811,-50.2056,0,82,,2.83,65.26400000000004
150,oyama,RU,1629358278,55.9342,98.0044,69,42,,2.11,74.03000000000004
151,svetlyy,GL,1629357988,64.1835,-51.7216,75,81,,9.77,49.08200000000002
152,kimbe,IS,1629358279,66.0449,-17.3389,100,83,,1.78,50.18000000000004
153,sovetskiy,MN,1629358279,48.0056,91.6419,98,38,,4.06,69.53000000000004
154,felidhoo,RU,1629358280,68.0546,166.4372,8,49,,1.65,55.47200000000004
155,port macquarie,JP,1629358280,33.2833,134.15,100,86,,1.46,73.70600000000003
156,cidreira,BR,1629358281,-9.0122,-35.2225,55,87,,4.89,73.49000000000002
157,beaverlodge,VU,1629358281,-13.8833,167.55,47,78,,7.55,80.50999999999999
158,batagay-alyta,BR,1629358282,-1.7656,-55.8661,42,77,,1.46,74.93000000000004
159,namatanai,CA,1629358283,45.6169,-61.3485,90,98,,2.57,68.86400000000003
160,kamze,AU,1629358283,-35.5667,138.6167,89,55,,5.38,68.35999999999999
161,georgetown,,,,,,,,,
162,beringovskiy,BR,1629358284,-24.7911,-50.0119,0,70,,1.97,59.19800000000002
163,frederiksvaerk,NO,1629358284,70.9963,24.6622,100,95,,13.98,51.15199999999997
164,ahipara,RU,1629358285,56.7938,105.7672,30,44,,3.27,68.73800000000006
165,punta arenas,CL,1629358285,-37.6167,-73.65,100,86,,4.98,50.108000000000004
166,batemans bay,MX,1629358285,18.0667,-94.4,67,81,,2.02,78.98000000000005
167,aginskoye,VU,1629358286,-19.55,169.2667,51,81,,5.32,72.392
168,tuatapere,GL,1629358287,72.7868,-56.1549,99,84,,4.58,40.1
169,araouane,PF,1629358287,-17.7333,-149.15,97,72,,12.17,75.48800000000006
170,bandar-e anzali,AU,1629358288,-20.7377,116.8463,0,28,,4.56,83.42599999999999
171,mullaitivu,MG,1629358289,-18.3167,47.1167,4,40,,3.51,70.484
172,kerki,KZ,1629358289,51.9556,66.4042,92,31,,2.2,85.892
173,porto novo,US,1629358290,36.6177,-121.9166,2,91,,1.34,61.7
174,bredasdorp,RU,1629358290,71.9167,114.0833,85,65,,1.29,58.08200000000002
175,mys shmidta,CN,1629358291,29.0361,114.5636,40,81,,0.66,86.234
176,horsham,,,,,,,,,
177,port elizabeth,PG,1629358291,-2.5744,150.7967,100,68,,2.18,83.76799999999999
178,kahului,BR,1629358292,-20.3297,-40.2925,75,100,,1.03,66.41600000000001
179,lakes entrance,CN,1629358292,23.4632,116.768,20,58,,4,91.58000000000004
180,karauzyak,ZA,1629358293,-33.0117,17.9442,24,75,,5.5,53.924000000000014
181,saskylakh,MX,1629358293,25.5333,-103.25,100,77,,1.25,70.37599999999999
182,cherskiy,UA,1629358294,48.282,37.1758,34,33,,3.08,85.83800000000005
183,carnarvon,TR,1629358295,40.0333,27.0524,70,57,,7.5,81.55399999999995
184,khatanga,,,,,,,,,
185,lar,RE,1629358295,-21.3585,55.7679,47,77,,6.48,76.81999999999996
186,winfield,,,,,,,,,
187,rawson,RS,1629358296,44.3656,19.3619,0,37,,1.73,68.30600000000004
188,avarua,GL,1629358297,65.4167,-52.9,100,93,,5.59,45.14000000000002
189,esperance,,,,,,,,,
190,svetlaya,RU,1629358298,67.8006,130.4114,100,48,,3.34,63.842
191,provideniya,MW,1629358298,-16.92,35.262,0,25,,2.07,89.924
192,faanui,US,1629358299,71.2906,-156.7887,90,93,,5.66,35.88800000000005
193,abatskoye,ZA,1629358299,-34.0033,24.7314,100,82,,5.01,52.15999999999998
194,palu,BR,1629358300,-22.9661,-42.0278,0,86,,12.74,70.30399999999995
195,west wendover,,,,,,,,,
196,vilyuysk,,,,,,,,,
197,evensk,AU,1629358181,-21.15,149.2,90,68,,6.69,71.85199999999998
198,alibag,AU,1629358295,-37.8333,140.7667,98,55,,4.63,62.780000000000044
199,amderma,CA,1629358301,51.226,-58.6502,53,71,,3.56,67.08200000000002
200,kamenskoye,SA,1629358302,18.3851,42.4509,22,37,,4.15,80.97799999999997
201,norman wells,BR,1629358302,-20.4167,-54.0667,0,37,,2.25,80.07799999999997
202,mgandu,RU,1629358302,65.9939,57.5281,100,71,,5.55,56.3
203,oranjemund,ZM,1629358303,-16.1167,23.2667,0,16,,3.03,82.52599999999998
204,severo-yeniseyskiy,IT,1629358303,37.8333,12.6667,75,78,,2.57,82.976
205,umzimvubu,US,1629358304,40.5992,-77.5714,90,85,,5.14,75.434
206,makakilo city,MX,1629358304,20.8667,-90.4,100,75,,5.51,81.08599999999997
207,nanae,US,1629358250,34.6391,-120.4579,90,79,,0,67.94600000000005
208,tolaga bay,MR,1629358305,18.0858,-15.9785,100,84,,4.15,80.79800000000003
209,oceanside,CA,1629358306,47.4334,-72.7824,72,87,,0.83,65.28200000000001
210,formosa,ID,1629358306,-3.8004,102.2655,92,81,,5.77,79.484
211,addis abeba,ZA,1629358307,-33.0153,27.9116,0,67,,10.29,60.20600000000003
212,maningrida,CA,1629358307,55.4334,-116.4858,79,94,,2.22,53.167999999999985
213,port-gentil,US,1629358308,40.8021,-124.1637,1,73,,0.89,56.94800000000002
214,honiara,US,1629358308,45.1,-87.6307,1,94,,0,66.95600000000003
215,zabinka,NA,1629358308,-19.5667,18.1167,0,17,,1.54,64.23800000000006
216,myitkyina,BR,1629358309,-7.4706,-34.8086,35,87,,5.47,70.66400000000004
217,los llanos de aridane,US,1629358309,37.4636,-122.4286,90,85,,0,64.58000000000004
218,lasa,AU,1629358310,-32.7167,152.15,86,79,,5.12,65.03000000000004
219,san cristobal,IS,1629358310,64.2539,-15.2082,100,92,,2.87,52.934
220,marcona,,,,,,,,,
221,pasighat,PT,1629358311,37.3191,-8.8033,1,75,,4.43,66.91999999999996
222,tanshui,RU,1629358311,69.1933,33.2531,20,68,,4.43,64.45399999999995
223,birjand,CA,1629358312,55.1001,-105.2842,1,82,,2.57,55.88599999999997
224,aksu,PT,1629358312,38.5167,-28.7,40,94,,4.63,74.066
225,istok,PK,1629358313,34.3333,73.2,2,50,,1.89,86.18000000000004
226,ayan,SJ,1629358313,78.2186,15.6401,75,81,,4.63,41.108000000000004
227,erzin,US,1629358022,37.1041,-113.5841,90,72,,4.63,68.73800000000006
228,isiro,CA,1629358314,58.5169,-117.136,90,82,,1.54,57.57799999999996
229,kachikau,RU,1629358314,66.5606,67.7975,27,44,,3.12,57.90199999999997
230,byron bay,RU,1629358315,56.3491,78.3619,99,41,,4.63,68.43200000000002
231,manavalakurichi,,,,,,,,,
232,dawei,RE,1629358316,-21.15,55.2833,2,61,,1.44,76.29800000000003
233,kapit,ID,1629358316,-8.19,114.9675,100,65,,1.67,84.326
234,havre-saint-pierre,KR,1629358528,37.5683,126.9778,40,43,,2.57,87.674
235,goderich,IN,1629358317,9.49,76.3264,100,77,,3.4,80.58200000000002
236,nguiu,,,,,,,,,
237,corrientes,US,1629358318,45.7453,-87.0646,1,95,,0,66.90199999999999
238,solnechnyy,RU,1629358319,63.05,179.3167,100,87,,2.89,43.73599999999997
239,kourou,PE,1629358319,-15.4311,-74.6158,53,78,,1.67,61.08800000000005
240,murgab,AU,1629358320,-34.7333,135.8667,44,48,,8.11,64.13000000000005
241,sao felix do xingu,LT,1629358320,54.85,25.4833,90,73,,6.19,61.609999999999985
242,chuy,ID,1629358321,-8.4667,140.3333,61,79,,8.05,79.91600000000001
243,ende,CN,1629358321,33.8963,117.9331,100,71,,2.84,84.308
244,port lincoln,FO,1629358322,62.2266,-6.589,100,76,,6.58,47.588000000000044
245,roebourne,US,1629358169,34.0232,-84.3616,90,93,,0.45,78.18800000000005
246,clyde river,RU,1629358322,65.8522,44.24,100,90,,4.25,67.71199999999996
247,obo,PE,1629358323,-13.7,-76.2167,90,88,,3.6,61.12400000000001
248,szarvas,EC,1629358323,0.6,-80.0333,100,88,,5.7,74.26400000000004
249,illoqqortoormiut,,,,,,,,,
250,ponyri,KE,1629358324,-2.2717,40.902,93,69,,7.01,82.88599999999997
251,iralaya,AR,1629358228,-40.8135,-62.9967,100,63,,2.83,52.80800000000001
252,pacific grove,PK,1629358325,27.6922,68.8951,0,52,,3.09,96.94399999999997
253,gazojak,RU,1629358325,62.2167,135.8,98,68,,1.98,66.01999999999995
254,san luis,AU,1629358326,-34.5833,150.8552,96,73,,2.82,64.47200000000004
255,fairbanks,,,,,,,,,
256,victoria,VN,1629358268,16.0678,108.2208,20,52,,4.63,95.32400000000001
257,anchorage,RU,1629358327,67.4667,86.5833,90,64,,4.47,48.36199999999995
258,kununurra,RU,1629358327,61.8099,36.5345,88,53,,5.11,67.81999999999996
259,teya,CA,1629358328,50.2334,-63.5986,1,94,,3.09,61.069999999999965
260,sinnamary,NO,1629358328,63.7256,8.834,100,77,,10.38,55.16600000000001
261,namtsy,,,,,,,,,
262,filadelfia,JP,1629358329,35.7333,140.8333,4,81,,9.85,90.26600000000002
263,tezpur,RU,1629358329,68.0531,39.5131,100,71,,7.15,63.932000000000016
264,vallenar,UY,1629358329,-33.6971,-53.4616,100,92,,2.8,62.40199999999997
265,puerto leguizamo,,,,,,,,,
266,koboldo,,,,,,,,,
267,ribeira grande,CL,1629358330,-45.5752,-72.0662,20,87,,2.57,37.61600000000001
268,adrar,AU,1629358285,-28.7667,114.6,40,52,,5.66,68.684
269,garowe,RU,1629358331,47.6967,131.0981,30,23,,4.83,93.46999999999997
270,ancud,CA,1629358332,63.7506,-68.5145,90,100,,0,42.8
271,belmonte,LY,1629358332,29.1081,21.2869,0,30,,5.56,91.36400000000003
272,sentyabrskiy,RU,1629358333,45.4375,40.5756,8,55,,3.26,84.14600000000004
273,deniliquin,CA,1629358333,65.282,-126.8329,90,93,,1.54,52.10600000000003
274,muros,RU,1629358334,69.4865,88.3972,98,50,,5.27,52.46600000000001
275,atikokan,MY,1629358334,4.6374,103.4368,40,70,,3.6,87.99800000000002
276,karratha,RU,1629358334,56.1667,91.8167,100,49,,3.31,72.28399999999999
277,varnavino,BG,1629358335,43.4125,23.225,0,27,,4.09,77.77400000000002
278,karatsu,RU,1629358335,66.3167,-179.1667,100,82,,0.7,40.17200000000004
279,caxias,US,1629358336,21.3469,-158.0858,1,71,,1.54,77.59399999999997
280,barbar,AR,1629358337,-38.9516,-68.0591,2,61,,2.51,47.39000000000002
281,kodiak,VN,1629358337,20.8133,105.3383,59,63,,1.38,93.36199999999997
282,artvin,,,,,,,,,
283,baykit,SA,1629358158,24.6877,46.7219,0,17,,3.86,97.21400000000004
284,bixby,CA,1629358209,58.8053,-122.7002,40,87,,0,49.85600000000003
285,alice springs,NZ,1629358153,-43.5333,172.6333,83,64,,1.54,48.667999999999985
286,todos santos,IS,1629358339,64.8945,-23.7142,100,91,,3.32,54.266000000000005
287,grand river south east,PT,1629358339,37.7167,-25.4333,95,87,,2.7,72.28399999999999
288,shubarshi,ZA,1629358340,-33.918,25.5701,20,77,,3.6,57.75800000000001
289,san javier,ZA,1629358340,-24.2,29.5,0,22,,2.39,69.16999999999996
290,aklavik,RU,1629358340,53.6703,102.3106,51,39,,4.19,72.69800000000004
291,rio claro,US,1629358140,41.7189,-83.713,40,92,,0,71.15
292,sambava,MR,1629358341,20.5022,-10.0711,29,40,,5.94,88.71799999999999
293,palmeira,MZ,1629358341,-25.9653,32.5892,0,56,,3.6,69.74600000000005
294,cururupu,US,1629358342,57.0531,-135.33,90,94,,0,55.561999999999955
295,te anau,UY,1629358343,-34.4833,-54.3333,100,94,,2.59,63.40999999999998
296,talcahuano,SA,1629358343,26.4852,50.0405,0,27,,2.6,100.88599999999997
297,independence,BR,1629358344,-24.1831,-46.7889,23,88,,1.22,75.63200000000002
298,pacifica,AU,1629358344,-25.2406,130.9889,0,9,,2.06,80.708
299,moctezuma,PF,1629358344,-16.7,-151.0167,80,69,,10.77,78.02599999999998
300,meulaboh,RU,1629358345,71.9667,102.5,100,63,,3.55,50.26999999999996
301,road town,IS,1629358345,63.8424,-22.4338,90,100,,5.66,53.81600000000001
302,plettenberg bay,GB,1629358346,51.3813,1.3862,29,79,,0.89,60.96199999999996
303,hobyo,BR,1629358346,-5.1989,-35.4608,94,90,,6,70.96999999999997
304,mount gambier,PL,1629358347,50.3565,20.0279,100,74,,4.85,65.984
305,djambala,US,1629358347,39.608,-119.2518,18,31,,1.34,63.733999999999995
306,nazas,UG,1629358348,3.2783,32.8867,54,46,,0.76,85.74800000000002
307,kadykchan,AU,1629358348,-29.4667,149.85,100,45,,2.57,68.28800000000004
308,noyabrsk,TR,1629358349,37.755,39.3167,0,16,,1.28,90.48200000000003
309,kamenka,NZ,1629358349,-46.2817,169.8464,100,91,,5.1,46.75999999999998
310,salcininkai,AU,1629358350,-35.35,150.4667,100,74,,0.24,58.36999999999996
311,talbahat,CD,1629358350,-3.4833,23.4333,10,53,,2.17,84.10999999999999
312,morros,,,,,,,,,
313,turukhansk,US,1629358316,37.6138,-122.4869,40,85,,0.45,64.52599999999998
314,griffith,PT,1629358351,37.7333,-25.6667,20,94,,3.6,72.59000000000003
315,lukovetskiy,BO,1629358205,-17.8,-63.1667,0,54,,4.37,72.78800000000004
316,wukari,GB,1629358352,51.75,-2.2,20,71,,2.06,61.57400000000001
317,mecca,RU,1629358353,54.3419,101.5036,15,34,,4.16,72.89600000000004
318,pleasanton,BR,1629358353,-27.1578,-48.5531,8,39,,3.33,66.45199999999997
319,iqaluit,AO,1629358354,-15.1961,12.1522,90,94,,5.14,63.5
320,spassk-ryazanskiy,CN,1629358354,42.8,93.45,0,20,,2.04,85.83800000000005
321,atar,RU,1629358355,53.0452,158.6483,0,56,,3,72.46400000000003
322,leeton,NZ,1629358355,-35.1667,173.1667,9,72,,2.6,51.69199999999999
323,karkaralinsk,BB,1629358356,13.0667,-59.5333,40,88,,3.6,77.35999999999999
324,lompoc,OM,1629358356,22.9333,57.5333,8,36,,3.66,96.20600000000003
325,hovd,IN,1629358357,20.2719,81.4931,84,71,,2.55,84.97400000000002
326,quime,US,1629358357,21.4022,-157.7394,40,73,,4.12,79.05199999999998
327,santa maria,ES,1629358358,43.5167,-8.1528,16,73,,4.03,63.71600000000001
328,menongue,ES,1629358358,41.9108,0.1941,59,57,,1.74,69.49399999999997
329,kavaratti,RU,1629358359,69.3833,178.4167,21,75,,3.34,43.71799999999998
330,arcelia,RU,1629358359,60.05,69.9,79,52,,2.45,71.85199999999998
331,merauke,RU,1629358360,56.8471,105.2542,81,50,,2.77,65.71400000000003
332,seddon,MX,1629358360,15.7432,-96.4661,72,91,,1.28,79.08800000000005
333,paita,,,,,,,,,
334,coahuayana,CN,1629358361,41.7597,86.1469,4,14,,1.15,87.09800000000003
335,vostok,AR,1629358361,-34.6534,-58.6198,100,97,,1.79,57.272000000000034
336,butte,US,1629358361,41.2835,-70.0995,20,79,,2.06,76.35199999999998
337,talnakh,RU,1629358362,51.7102,143.2326,3,66,,2.41,71.816
338,leh,US,1629358210,30.7305,-81.5465,90,77,,0,80.88800000000005
339,bhatkal,,,,,,,,,
340,vestmannaeyjar,JP,1629358363,31.6,131.3667,100,76,,1.84,83.62400000000002
341,attawapiskat,YE,1629358123,12.7794,45.0367,96,74,,6.04,87.20600000000003
342,tarata,ZM,1629358363,-15.7504,26.4384,0,27,,2.06,77.82799999999997
343,bubaque,ID,1629358364,-0.9131,122.8766,68,78,,4.37,79.79000000000002
344,caravelas,IN,1629358364,10.5669,72.642,100,79,,7.88,82.00399999999996
345,margate,NA,1629358365,-17.9333,19.7667,0,9,,1.86,78.38599999999997
346,pangnirtung,VE,1629358365,8,-66,100,87,,3.32,75.14600000000004
347,inhambane,CN,1629358366,40.0936,113.2914,95,65,,2.72,75.63200000000002
348,bongouanou,US,1629358366,38.8876,-76.5119,1,93,,0.89,79.484
349,tura,BR,1629358367,-1.7625,-48.8043,3,94,,1.45,77.21600000000001
350,doha,AU,1629358367,-33.8667,121.9,96,69,,4.97,66.308
351,tabas,NA,1629358368,-26.6481,15.1594,34,61,,6.75,59.935999999999964
352,morehead,RU,1629358368,54.7914,65.9864,81,35,,1.88,84.55999999999997
353,nyaunglebin,VE,1629358369,7.7669,-72.225,100,96,,1.08,64.43599999999998
354,vanimo,IN,1629358369,26.2333,92.5167,100,96,,3.26,76.85600000000002
355,san carlos de bariloche,CA,1629358174,45.4112,-75.6981,75,95,,1.54,71.708
356,saint-francois,CA,1629358370,51.6334,-111.9018,100,70,,4.31,49.78399999999999
357,codrington,BR,1629358370,-30.2578,-50.5097,0,81,,2.78,65.89399999999998
358,hurricane,SN,1629358371,14.9515,-16.8129,100,91,,3.33,75.81199999999995
359,maceio,PW,1629358372,7.0419,134.2556,96,67,,3.53,84.97400000000002
360,san rafael,RU,1629358372,61.9247,63.0231,66,48,,1.21,70.53800000000004
361,savonlinna,LK,1629358373,6.1241,81.1185,20,52,,8.23,93.81199999999995
362,eisiskes,JP,1629358373,37.4,136.9,75,94,,3.6,79.75399999999996
363,tahara,CV,1629358374,15.1333,-23.2167,98,86,,3.76,78.06199999999995
364,khunti,AU,1629358374,-38.3833,142.4833,29,77,,4.19,55.86799999999998
365,tasbuget,PT,1629358375,39.05,-27.9833,98,87,,7.39,73.058
366,morro bay,NO,1629358375,70.3705,31.1107,90,93,,6.17,52.26799999999999
367,dumai,BR,1629358376,-2.9248,-39.9167,19,72,,7.32,76.19000000000003
368,souillac,RU,1629358376,68.75,161.3,10,40,,4,62.366000000000014
369,hambantota,KE,1629358377,1.7471,40.0573,66,41,,8.23,84.65
370,rumonge,BR,1629358377,-15.8631,-38.8828,92,68,,3.85,72.37400000000002
371,veraval,US,1629358200,39.1834,-84.5333,90,92,,2.06,76.316
372,ruteng,MG,1629358378,-18.7667,46.0333,12,31,,1.35,81.48200000000003
373,liverpool,RU,1629358378,60.9058,61.5186,96,51,,0.82,76.04600000000005
374,yulara,MN,1629358379,45.7625,106.2708,33,39,,7.24,65.066
375,la spezia,ZA,1629358379,-30.3023,27.084,4,48,,3.48,47.55199999999998
376,namibe,PE,1629358380,-7.8447,-79.1469,99,89,,2.47,63.62599999999999
377,abu samrah,TM,1629358380,37.8876,58.516,0,15,,3.09,92.96600000000001
378,khonuu,IN,1629358381,18.0333,73.0167,100,77,,3.5,81.62599999999999
379,huarmey,RU,1629358381,55.5991,37.355,75,91,,3,72.96799999999999
380,pangkalanbuun,SO,1629358382,9.4092,45.064,10,33,,10.55,84.63200000000002
381,nizhnyaya omka,PT,1629358382,33.0833,-16.3333,20,88,,4.12,72.80600000000004
382,amapa,IS,1629358383,63.4427,-20.2734,100,88,,3.74,54.01400000000004
383,xiangfan,MY,1629358383,1.55,110.3333,75,70,,3.6,86.48599999999996
384,andros town,TH,1629358383,9.5357,99.9357,20,62,,3.09,89.78000000000004
385,zhezkazgan,GL,1629358384,60.9167,-46.05,100,96,,2.45,46.88599999999997
386,orebro,IN,1629358384,8.1333,77.3,100,66,,7.65,86.35999999999999
387,melville,CA,1629358385,51.2585,-80.6094,1,94,,1.54,66.46999999999997
388,nalut,SE,1629358386,62.487,17.3257,90,83,,4.63,59.95399999999995
389,kabanjahe,US,1629358204,28.5392,-80.672,1,91,,0,83.31799999999998
390,klaksvik,AU,1629358386,-32.25,148.6167,8,39,,3.09,64.79600000000005
391,caborca,AL,1629358387,41.7797,20.0836,0,35,,3.87,70.7
392,haukipudas,,,,,,,,,
393,vao,RU,1629358387,56.1167,38.8833,97,84,,1.41,73.56199999999995
394,lata,US,1629358334,38.421,-121.4238,90,67,,2.06,72.03200000000001
395,constitucion,ID,1629358388,4.1363,96.1285,100,78,,1.52,80.33000000000004
396,aras,US,1629358388,40.5982,-124.1573,90,73,,0.89,60.458000000000006
397,charlestown,PT,1629358389,38.7333,-27.0667,20,88,,3.09,73.02200000000005
398,saint-pierre,QA,1629358390,25.2867,51.5333,0,53,,2.06,99.17599999999999
399,duluth,CN,1629358390,29.7188,120.2423,8,58,,1.08,91.58000000000004
400,fuerte olimpo,RU,1629358390,65.5833,-171,100,93,,4.3,42.15199999999997
401,satitoa,RU,1629358391,59.7775,30.8181,100,59,,6.27,63.446000000000055
402,alekseyevsk,AU,1629358391,-30.3833,153.1,40,75,,5.14,64.99399999999997
403,wajima,US,1629358392,31.8543,-110.9937,0,78,,2.9,79.41199999999995
404,epinal,KM,1629358393,-12.2569,44.5319,87,74,,5.62,78.63800000000005
405,zhigansk,PL,1629358393,52.1427,20.717,0,67,,1.34,68.43200000000002
406,mosetse,RU,1629358393,55.2511,37.5456,77,66,,0.61,71.27599999999998
407,kokopo,CN,1629358394,39.7432,98.5174,0,20,,3.89,83.82200000000003
408,chernyshevskiy,AR,1629358394,-38.5473,-58.7368,100,92,,1.44,53.311999999999955
409,druzhba,SA,1629358395,26.326,43.975,0,8,,1.46,97.51999999999997
410,bilibino,JP,1629358395,35.55,133.2333,75,62,,5.14,86.25199999999998
411,kemijarvi,US,1629358379,36.214,-83.2949,90,71,,0,72.40999999999998
412,benicarlo,US,1629358396,42.4606,-83.1347,68,85,,0.57,72.23000000000005
413,longyearbyen,AU,1629358264,-20.7833,117.1333,0,22,,4.66,85.19000000000003
414,iranshahr,ID,1629358397,-0.7275,119.8922,73,74,,1.22,83.49800000000002
415,phayakkhaphum phisai,DK,1629358397,55.9381,9.1218,18,67,,7.61,61.84399999999997
416,nizhneyansk,ID,1629358397,3.761,98.4513,100,84,,1.18,84.66799999999998
417,poso,CG,1629358398,1.6481,14.5806,98,88,,2.07,73.54399999999998
418,teahupoo,MX,1629358398,32.3333,-117.0333,100,82,,1.95,72.85999999999999
419,dunda,DO,1629358399,18.4154,-70.0332,89,85,,3.07,79.592
420,kolosovka,IQ,1629358146,33.3406,44.4009,0,22,,2.57,100.58000000000004
421,lixourion,RU,1629358400,56.9064,118.2631,100,92,,1.57,57.57799999999996
422,vila franca do campo,ID,1629358400,-2.9701,119.8978,68,81,,1.81,76.208
423,lamu,MX,1629358401,22.8909,-109.9124,59,78,,1.34,82.32799999999997
424,mayumba,IN,1629358401,16.9833,73.3,100,75,,4.55,81.95
425,port blair,BB,1629358402,13.2167,-59.5167,40,88,,3.6,77.88200000000002
426,basco,ID,1629358402,-0.8917,119.8707,88,84,,1.24,83.67799999999997
427,upington,BR,1629358403,-17.3511,-44.9622,0,73,,0.94,62.851999999999975
428,mahebourg,GB,1629358403,51.0333,-4.2167,100,95,,4.91,62.924000000000014
429,aswan,US,1629358403,33.194,-82.5271,93,72,,1.47,78.98000000000005
430,swinoujscie,RU,1629358404,62.5333,155.8,100,83,,3.71,52.39399999999998
431,viedma,RU,1629358404,48.7119,45.1994,25,9,,8.37,95.12599999999999
432,matay,BR,1629358405,-17.7125,-39.2481,100,61,,3.26,72.46400000000003
433,yelnya,,,,,,,,,
434,humboldt,US,1629358406,35.3658,-120.8499,4,88,,0.45,65.55199999999998
435,pahrump,US,1629358406,45.0205,-93.218,1,79,,0.89,75.39800000000002
436,palabuhanratu,PE,1629358406,-3.7481,-73.2472,75,94,,0.51,73.70600000000003
437,macklin,US,1629358407,44.3876,-68.2039,1,92,,1.34,68.93599999999998
438,kananga,RU,1629358407,59.6481,67.41,86,45,,4.67,76.28000000000004
439,sinkat,GL,1629358408,68.3065,-53.4641,100,100,,1.99,41.377999999999965
440,sedelnikovo,BR,1629358408,-8.8978,-35.1478,42,86,,4.78,73.49000000000002
441,yabucoa,MG,1629358409,-16.1667,49.7667,100,94,,2.32,69.674
442,anjozorobe,MV,1629358410,5.1033,73.0708,87,75,,4.55,82.30999999999997
443,jiddah,AU,1629358410,-32.5833,151.7833,96,68,,1.34,64.58000000000004
444,durban,LK,1629358411,6.4788,79.9828,99,76,,3.97,81.51799999999999
445,port hardy,ZM,1629358412,-17.2614,27.4618,0,38,,2.13,75.00199999999998
446,kupang,,,,,,,,,
447,xapuri,RU,1629358412,63.4453,120.3167,51,49,,1.14,68.684
448,halifax,CD,1629358413,1.5,21.05,77,59,,1.69,81.17599999999999
449,lushunkou,AT,1629358414,47.4464,12.3922,0,67,,1.04,64.49000000000002
450,santa vitoria,US,1629358414,41.0002,-115.5012,90,45,,3.58,56.911999999999956
451,nyurba,NC,1629358415,-22.6667,167.4833,90,79,,8.86,68.77400000000002
452,kragujevac,BR,1629358415,-6.9811,-34.8339,21,88,,4.97,70.73599999999996
453,west odessa,CN,1629358416,40.9725,117.9361,100,98,,1.5,65.01199999999996
454,gizo,BR,1629358416,-3.7158,-42.5556,33,99,,0.45,68.84600000000006
455,nome,RE,1629358417,-20.8968,55.5496,20,77,,7.72,77.39600000000004
456,gat,CN,1629358417,33.2288,105.0179,100,81,,2.63,70.62799999999996
457,wanxian,NO,1629358418,59.7798,5.5005,75,72,,6.17,59.377999999999965
458,copiapo,CA,1629358418,60.8156,-115.7999,75,88,,4.63,59.25199999999998
459,victor harbor,EC,1629358419,-1.0333,-79.45,100,94,,0.93,71.58200000000002
460,teguldet,PE,1629358419,-4.5061,-73.5757,99,94,,1.25,72.44600000000005
461,vila,NO,1629358420,66.2333,13.6333,100,95,,1.35,55.85
462,yicheng,GB,1629358420,54.2797,-0.4044,65,87,,1.83,60.8
463,haines junction,CN,1629358420,40.2833,97.2,0,10,,6.21,84.91999999999996
464,bonthe,,,,,,,,,
465,kharopon,CV,1629358421,14.8961,-24.4956,30,84,,0.84,78.08000000000004
466,wenling,RU,1629358422,55.5258,101.0536,27,34,,3.69,73.38200000000002
467,bayir,,,,,,,,,
468,sitka,PL,1629358383,54.0337,22.507,97,80,,6.8,59.900000000000006
469,alta floresta,CA,1629358209,48.9329,-125.5528,8,92,,0.47,62.366000000000014
470,ayolas,MX,1629358423,27.6667,-105.1667,100,74,,2.91,72.62599999999999
471,dunedin,NC,1629358423,-20.2333,164.0167,93,80,,5.18,72.46400000000003
472,labutta,ZM,1629358424,-13.4659,25.0027,0,22,,2.18,80.834
473,katangli,MY,1629358425,4.4148,114.0089,40,89,,3.09,81.01400000000004
474,dhaka,KE,1629358425,2.3284,37.9899,20,47,,8.89,72.608
475,aragarcas,PE,1629358426,-5.0892,-81.1144,67,93,,4.29,63.877999999999965
476,tumannyy,GB,1629358427,57.3641,-2.0731,90,49,,3.6,56.19199999999999
477,micheweni,US,1629358427,61.5814,-149.4394,40,89,,1.54,56.89399999999998
478,bandarbeyla,MM,1629358428,20.4333,96.15,98,72,,2.43,83.42599999999999
479,walvis bay,IN,1629358428,22.1667,83.35,81,66,,2.45,87.54800000000003
480,qandahar,NZ,1629358429,-41.2833,173.2833,7,80,,4.61,46.417999999999985
481,tilichiki,CI,1629358429,4.423,-7.3528,100,78,,2.06,76.334
482,yar-sale,RU,1629358430,56.8306,86.6258,85,53,,5.14,68.99000000000002
483,port hedland,BD,1629358430,22.1965,92.2262,100,99,,1.46,84.18200000000002
484,baherden,,,,,,,,,
485,kingsport,ES,1629358431,39.8916,-5.5406,3,21,,0.58,81.23000000000005
486,novogornyy,BY,1629358432,55.1168,26.8326,98,72,,6.93,61.05199999999998
487,broome,FI,1629358432,61.1833,22.7,41,81,,4.9,60.817999999999984
488,teberda,CN,1629358433,41.1231,80.2644,35,17,,2.04,89.05999999999997
489,shelburne,ES,1629358433,39.8885,4.2658,20,65,,4.63,77.82799999999997
490,sampit,GL,1629358433,60.1432,-45.2371,100,89,,2.85,47.911999999999956
491,richards bay,,,,,,,,,
492,isangel,ES,1629358434,28.5004,-13.8627,0,53,,3.6,75.21799999999999
493,whitefish,MG,1629358434,-18.1667,49.3833,75,88,,4.63,70.06999999999996
494,pemba,CN,1629358435,27.6881,111.4294,81,65,,1.34,90.35600000000002
495,kommunar,,,,,,,,,
496,srandakan,ID,1629358154,-10.1667,123.5833,20,43,,3.09,90.44600000000005
497,igarka,GH,1629358436,5.7947,0.8973,99,81,,2.47,77.48599999999996
498,vaitupu,RU,1629358436,60.4667,166.1,100,94,,1.69,48.14600000000005
499,tabou,RE,1629358437,-21.3667,55.6167,29,70,,4.77,75.83000000000004
500,ringebu,CA,1629358209,52.7834,-108.2847,1,71,,3.6,52.15999999999998
501,umm durman,MU,1629358437,-20.3428,57.7575,40,64,,7.72,75.72200000000004
502,haian,MV,1629358438,4.1748,73.5089,75,70,,5.66,88.01600000000002
503,hammerfest,BR,1629358438,-23.7781,-45.3581,6,85,,2.18,66.97400000000002
504,maneadero,MX,1629358439,21.2833,-89.6667,100,76,,6.82,81.37400000000002
505,uzumlu,IN,1629358439,20.2667,75.1333,100,95,,3.04,71.15
506,kez,ZA,1629358439,-31.4707,19.776,98,71,,1.97,45.535999999999966
507,santa cruz de tenerife,US,1629358440,59.6425,-151.5483,1,85,,1.54,55.07599999999999
508,vyartsilya,RU,1629358440,69.7008,170.3133,99,59,,5.65,48.21799999999999
509,santa isabel do rio negro,ID,1629358317,1.7427,98.7792,100,85,,1.51,78.458
510,kuche,CN,1629358441,20.35,110.1288,81,63,,1.12,92.37200000000004
511,uyemskiy,CN,1629358441,37.15,122.3833,38,67,,5.48,81.08599999999997
512,magway,CU,1629358442,22.8067,-80.0756,50,87,,3.45,78.25999999999999
513,bulawayo,PH,1629358442,10.9995,122.6711,86,71,,2.46,86.50399999999996
514,doba,MX,1629358443,21.2833,-88.9333,96,73,,4.4,79.86199999999997
515,kumta,GB,1629358444,55.6167,-3.5167,100,89,,1.09,55.45399999999995
516,kraslava,,,,,,,,,
517,tabialan,CO,1629358445,11.7139,-72.266,75,77,,6.52,80.97799999999997
518,west bay,PF,1629358445,-22.4333,-151.3333,97,58,,10.15,70.592
519,acapulco,MN,1629358446,49.0333,104.0833,52,50,,1.96,64.21999999999997
520,nagyhegyes,TR,1629358446,37.0833,41.0667,0,29,,2.06,91.058
521,abapo,TW,1629358447,24.1469,120.6839,75,79,,5.66,87.53000000000004
522,flinders,PG,1629358334,-9.4431,147.1797,40,83,,7.72,80.29399999999998
523,berdigestyakh,CF,1629358448,5.0314,25.1361,100,83,,2.22,75.34399999999997
524,bolungarvik,RU,1629358448,60.2776,47.0659,34,47,,4.86,84.39800000000002
525,jiroft,AI,1629358449,18.217,-63.0578,100,71,,8.87,82.52599999999998
526,rabo de peixe,GL,1629358449,69.2167,-51.1,20,81,,0,43.088000000000044
527,hunza,NZ,1629358450,-46.15,168,100,96,,2.79,44.708000000000006
528,batticaloa,CI,1629358450,8.0333,-2.8,100,83,,1.4,72.01400000000004
529,korla,PH,1629358450,7.9986,124.2928,85,88,,1.23,76.90999999999998
530,omboue,IT,1629358451,41.0843,16.0784,0,42,,3.51,77.9
531,urfa,PH,1629358451,12.4497,125.2886,75,71,,1.2,85.56799999999998
532,baghdad,BR,1629358452,-9.8756,-56.0861,0,42,,1.74,66.27200000000005
533,morondava,ID,1629358453,2.1,99.8333,97,83,,1.06,80.56400000000004
534,mehamn,EG,1629358453,24.0934,32.907,0,25,,6.69,90.96799999999999
535,ipswich,CD,1629358453,2.7858,24.73,100,100,,1.2,70.19600000000005
536,mount isa,RU,1629358454,61.3833,152.75,100,65,,5.8,63.661999999999956
537,key west,IN,1629358454,26.2833,94.8333,100,100,,0.51,72.24800000000002
538,cradock,SA,1629358156,21.4267,39.8261,5,44,,2.09,92.69600000000005
539,naze,GQ,1629358455,3.4568,8.5547,98,82,,1.02,77.16199999999995
540,sao filipe,IT,1629358455,43.7806,7.6645,17,70,,0.89,82.75999999999999
541,sao jose da coroa grande,SE,1629358456,62.6323,17.9379,100,87,,6.84,60.27799999999996
542,pismo beach,VE,1629358456,11.0333,-63.8628,19,100,,3.09,77.0
543,wenzhou,CL,1629358215,-36.7167,-73.1167,75,87,,4.12,51.74600000000005
544,balabac,BF,1629358457,10.2992,-3.2508,100,90,,1.8,71.95999999999998
545,killybegs,US,1629358392,47.6936,-114.1632,62,25,,0.97,50.41400000000003
546,navabad,ZA,1629358458,-29.6528,30.3147,90,69,,1.92,58.891999999999996
547,danielskuil,ID,1629358458,-0.8833,131.25,100,78,,4.28,81.608
548,lorengau,VN,1629358458,11.5333,106.9167,36,68,,1.41,87.368
549,harper,RU,1629358459,53.3042,34.0652,0,82,,2,64.79600000000005
550,north myrtle beach,ML,1629358459,18.9048,-3.5265,1,44,,4.31,89.07799999999997
551,jujuy,PG,1629358460,-6.2167,149.55,100,85,,3.5,79.55600000000004
552,pemangkat,CN,1629358460,40.8106,111.6522,40,83,,1,70.358
553,rocha,US,1629358460,42.4165,-122.8345,90,53,,0,69.94399999999997
554,lazaro cardenas,BR,1629358461,-28.2992,-54.2631,0,60,,5.14,70.39399999999998
555,marystown,JP,1629358461,34.6667,138.95,69,80,,4.5,83.03000000000004
556,bela,US,1629358387,44.0625,-103.1463,1,60,,3.13,67.87400000000002
557,santa cruz de la palma,MX,1629358462,16.4667,-98.4167,89,94,,1.52,75.91999999999996
558,winslow,CN,1629358462,39.2342,106.3439,24,21,,6.36,85.40600000000003
559,richmond,RU,1629358463,47.1667,142.5,85,70,,0.91,66.81199999999995
560,urumqi,TR,1629358463,36.9559,36.2,8,53,,3.08,90.392
561,lloydminster,SO,1629358464,9.4942,50.8122,91,41,,11.61,91.04000000000002
562,padang,RU,1629358464,52.2667,79.1667,0,35,,6.01,79.19600000000005
563,sadove,ML,1629358465,13.5728,-8.0339,100,83,,2.65,74.75
564,bahir dar,VE,1629358465,8.6226,-70.2075,100,100,,1.54,75.50600000000003
565,mixtequilla,RU,1629358466,63.3667,47.9167,64,49,,4.58,81.392
566,vieques,SD,1629358467,13.6017,26.6876,94,54,,6.1,85.85600000000002
567,atascadero,AR,1629358467,-43.3002,-65.1023,51,48,,5.96,49.00999999999998
568,saryshagan,JP,1629358467,33.55,130.2,99,77,,1.75,82.32799999999997
569,buala,ET,1629358468,8.5333,34.8,100,93,,1.33,59.288000000000046
570,miles city,CN,1629358468,38.9342,100.4517,1,21,,5.46,84.434
571,isakly,,,,,,,,,
572,alotau,CA,1629358469,46.8168,-72.4991,87,94,,0.85,71.85199999999998
573,neiafu,IN,1629358470,22.3031,74.3546,100,93,,2.59,75.45199999999997
574,hami,,,,,,,,,
575,dali,PG,1629358471,-2.6741,141.3028,53,79,,3.74,82.49000000000002
576,bismarck,KZ,1629358471,46.844,74.9804,40,26,,5,86.88200000000002
577,song phi nong,UA,1629358472,52.0428,33.9453,61,53,,5.09,71.94200000000001
578,matara,US,1629358472,31.4229,-103.4932,1,83,,0,81.69800000000004
579,puerto gaitan,,,,,,,,,
580,krasnoarmeysk,BR,1629358473,-2.4431,-54.7083,0,100,,2.06,75.59600000000006
581,coihaique,RU,1629358473,57.8979,53.7152,9,35,,2.41,83.19200000000001
582,altay,US,1629358474,42.2506,-75.833,90,90,,0.45,74.28200000000001
583,jalu,RU,1629358474,60.4167,134.5333,100,47,,1.39,73.68800000000005
584,bourail,IT,1629358475,46.6166,10.7002,25,66,,0.56,63.96799999999999
585,dubbo,,,,,,,,,
586,kamina,US,1629358475,36.4993,-80.6073,1,77,,0,72.23000000000005
587,surenavan,,,,,,,,,
588,gao,,,,,,,,,
589,itaituba,,,,,,,,,
590,lilongwe,,,,,,,,,
591,saint-paul,,,,,,,,,
592,ranipur,,,,,,,,,
593,domoni,,,,,,,,,
594,thinadhoo,,,,,,,,,
595,hailey,,,,,,,,,
596,nizwa,,,,,,,,,
597,mocambique,,,,,,,,,
598,barentsburg,,,,,,,,,
599,logrono,,,,,,,,,
600,hokitika,,,,,,,,,
601,skagastrond,,,,,,,,,
602,shimoda,,,,,,,,,
603,sechura,,,,,,,,,
604,tombouctou,,,,,,,,,
605,bunia,,,,,,,,,
606,sosua,,,,,,,,,
607,jiwani,,,,,,,,,
608,perth,,,,,,,,,
609,uaua,,,,,,,,,
