,City,Country,Date,Latitude,Longitude,Cloudiness (%),Humidity (%),Maximum Temperature (F),Wind Speed (mph)
0,mataura,NZ,1629350883.0,-46.1927,168.8643,100.0,84.0,46.742,3.35
1,rikitea,PF,1629350590.0,-23.1203,-134.9692,100.0,69.0,69.74600000000005,9.8
2,sitka,US,1629350953.0,57.0531,-135.33,90.0,82.0,57.36199999999995,3.09
3,barentsburg,,,,,,,,
4,busselton,AU,1629350877.0,-33.65,115.3333,93.0,79.0,60.314000000000036,4.47
5,bluff,NZ,1629350910.0,-46.6,168.3333,94.0,79.0,47.06600000000001,12.83
6,atuona,PF,1629350991.0,-9.8,-139.0333,11.0,78.0,77.792,8.13
7,san joaquin,US,1629351140.0,37.9333,-121.3011,90.0,53.0,72.55399999999996,3.6
8,zhuhai,CN,1629351141.0,22.2769,113.5678,20.0,79.0,91.05799999999999,3.09
9,hithadhoo,MV,1629350874.0,-0.6,73.0833,32.0,70.0,82.27400000000002,2.74
10,tsihombe,,,,,,,,
11,warqla,,,,,,,,
12,vaini,TO,1629350871.0,-21.2,-175.2,75.0,100.0,73.83200000000002,3.6
13,attawapiskat,,,,,,,,
14,saint-pierre,RE,1629351012.0,-21.3393,55.4781,0.0,62.0,75.55999999999997,0.0
15,tiksi,RU,1629350975.0,71.6872,128.8694,100.0,81.0,55.490000000000016,5.03
16,port elizabeth,ZA,1629350815.0,-33.918,25.5701,90.0,94.0,54.158,2.57
17,yertsevo,RU,1629351143.0,60.7966,40.086,96.0,82.0,64.59800000000003,2.85
18,avarua,CK,1629350862.0,-21.2078,-159.775,49.0,64.0,73.72400000000002,8.23
19,tarrega,ES,1629351144.0,41.647,1.1396,27.0,87.0,68.01799999999999,0.16
20,cape town,ZA,1629350839.0,-33.9258,18.4232,75.0,73.0,55.14800000000002,0.89
21,moron,AR,1629351057.0,-34.6534,-58.6198,100.0,96.0,57.27200000000003,1.34
22,yilan,TW,1629351144.0,24.756999999999998,121.75299999999999,89.0,64.0,93.32600000000001,1.85
23,kosonsoy,UZ,1629351145.0,41.2561,71.5508,0.0,14.0,74.22799999999997,3.81
24,portland,US,1629350918.0,45.5234,-122.6762,20.0,63.0,71.85199999999998,1.34
25,lompoc,US,1629350891.0,34.6391,-120.4579,90.0,79.0,67.83800000000005,1.54
26,safford,US,1629351146.0,32.834,-109.7076,1.0,94.0,73.79600000000005,0.0
27,carnarvon,AU,1629350882.0,-24.8667,113.6333,0.0,63.0,75.542,4.63
28,noyabrsk,RU,1629351146.0,63.1994,75.4507,30.0,51.0,56.42599999999999,6.57
29,tawnat,,,,,,,,
30,grindavik,IS,1629351147.0,63.8424,-22.4338,90.0,100.0,54.33800000000005,3.6
31,taoudenni,ML,1629351004.0,22.6783,-3.9836,79.0,31.0,93.05600000000004,3.3
32,hobart,AU,1629350917.0,-42.8794,147.3294,40.0,63.0,58.53200000000002,0.45
33,yellowknife,CA,1629350906.0,62.456,-114.3525,75.0,88.0,57.992,3.09
34,souillac,MU,1629350903.0,-20.5167,57.5167,20.0,64.0,75.84800000000003,7.72
35,arraial do cabo,BR,1629350884.0,-22.9661,-42.0278,1.0,87.0,70.51999999999995,12.42
36,dunedin,NZ,1629350814.0,-45.8742,170.5036,82.0,63.0,53.25800000000001,4.88
37,dikson,RU,1629350891.0,73.5069,80.5464,100.0,87.0,40.532000000000025,3.17
38,pontianak,ID,1629351149.0,-0.0333,109.3333,75.0,66.0,88.05199999999998,2.06
39,albany,US,1629350885.0,42.6001,-73.9662,99.0,92.0,74.58800000000005,2.95
40,cabo san lucas,MX,1629350915.0,22.8909,-109.9124,89.0,77.0,84.88399999999999,0.45
41,nanortalik,GL,1629350946.0,60.1432,-45.2371,100.0,89.0,48.38000000000004,3.54
42,georgetown,MY,1629350889.0,5.4112,100.3354,40.0,78.0,82.61600000000001,1.54
43,ligayan,PH,1629351150.0,4.6533,119.4706,66.0,70.0,83.62400000000002,1.99
44,ushuaia,AR,1629350875.0,-54.8,-68.3,75.0,74.0,30.127999999999968,6.17
45,punta arenas,CL,1629350883.0,-53.15,-70.9167,75.0,64.0,34.17799999999996,7.72
46,umm kaddadah,SD,1629351151.0,13.6017,26.6876,94.0,68.0,81.24800000000002,6.18
47,homer,US,1629350966.0,59.6425,-151.5483,1.0,80.0,61.358,2.06
48,tiznit,MA,1629351152.0,29.5833,-9.5,0.0,49.0,70.77200000000005,0.67
49,mahaicony,,,,,,,,
50,kruisfontein,ZA,1629351019.0,-34.0033,24.7314,98.0,85.0,51.15199999999997,6.24
51,sola,VU,1629351153.0,-13.8833,167.55,19.0,78.0,80.11400000000003,7.19
52,vaitupu,,,,,,,,
53,cabinda,AO,1629351154.0,-5.55,12.2,71.0,90.0,72.82400000000001,2.66
54,port-gentil,GA,1629351119.0,-0.7193,8.7815,40.0,94.0,75.434,3.09
55,provideniya,RU,1629350971.0,64.3833,-173.3,90.0,75.0,43.17799999999996,6.0
56,santa rosa,PH,1629351032.0,14.3122,121.1114,97.0,62.0,90.37400000000002,1.63
57,thompson,CA,1629350967.0,55.7435,-97.8558,75.0,93.0,43.232000000000006,0.0
58,castro,BR,1629351011.0,-24.7911,-50.0119,1.0,66.0,60.09800000000003,1.7
59,ahipara,NZ,1629351045.0,-35.1667,173.1667,42.0,69.0,53.69000000000002,3.96
60,saleaula,,,,,,,,
61,krasnorechenskiy,RU,1629351156.0,44.6265,135.3532,29.0,52.0,77.88200000000002,2.83
62,mormugao,IN,1629351156.0,15.4,73.8,75.0,83.0,81.93200000000002,5.14
63,dembi dolo,ET,1629351157.0,8.5333,34.8,100.0,95.0,57.97400000000002,1.16
64,kodiak,US,1629350638.0,57.79,-152.4072,99.0,89.0,55.52599999999999,1.97
65,kysyl-syr,RU,1629351074.0,63.8986,122.7617,87.0,74.0,62.509999999999984,1.8
66,kokkola,FI,1629351157.0,63.8385,23.1307,90.0,88.0,56.767999999999994,6.69
67,strezhevoy,RU,1629351158.0,60.7333,77.5889,76.0,51.0,61.05199999999998,3.4
68,chapais,CA,1629351159.0,49.7834,-74.8492,0.0,81.0,62.653999999999954,2.12
69,jamestown,US,1629350882.0,42.097,-79.2353,100.0,97.0,71.45600000000003,1.79
70,mar del plata,AR,1629351000.0,-38.0023,-57.5575,92.0,90.0,54.23000000000005,1.58
71,bacolod,PH,1629351159.0,10.6667,122.95,40.0,67.0,86.99000000000002,3.07
72,pisco,PE,1629350697.0,-13.7,-76.2167,90.0,82.0,62.92400000000002,0.51
73,pasighat,IN,1629351160.0,28.0667,95.3333,100.0,99.0,77.66600000000003,1.08
74,tezu,IN,1629350999.0,27.9167,96.1667,100.0,100.0,76.17200000000005,0.91
75,kapaa,US,1629350894.0,22.0752,-159.319,20.0,73.0,81.19399999999997,0.45
76,nikolskoye,RU,1629350911.0,59.7035,30.7861,75.0,76.0,60.29600000000005,5.28
77,buraydah,SA,1629351161.0,26.326,43.975,0.0,10.0,84.91999999999996,0.89
78,deputatskiy,RU,1629351162.0,69.3,139.9,92.0,56.0,60.16999999999996,2.81
79,hilo,US,1629350873.0,19.7297,-155.09,90.0,84.0,77.07200000000003,2.06
80,ondjiva,AO,1629351162.0,-17.0667,15.7333,0.0,18.0,58.96400000000003,2.31
81,amderma,,,,,,,,
82,benjamin hill,MX,1629351102.0,30.1667,-111.1,23.0,65.0,78.44000000000003,2.42
83,inirida,CO,1629350908.0,3.8653,-67.9239,93.0,98.0,72.87799999999996,0.53
84,butaritari,KI,1629350879.0,3.0707,172.7902,98.0,73.0,83.64200000000001,5.19
85,hanna,CA,1629351009.0,51.6334,-111.9018,49.0,61.0,53.38399999999999,5.63
86,portknockie,GB,1629351164.0,57.7025,-2.8599,93.0,91.0,53.653999999999954,2.72
87,east london,ZA,1629350938.0,-33.0153,27.9116,0.0,71.0,56.60600000000003,6.69
88,kaitangata,NZ,1629350969.0,-46.2817,169.8464,84.0,71.0,50.792,5.55
89,severo-kurilsk,RU,1629350936.0,50.6789,156.125,30.0,80.0,59.846000000000046,3.55
90,illoqqortoormiut,,,,,,,,
91,brodnica,PL,1629351165.0,53.2597,19.3965,90.0,77.0,62.45600000000003,7.09
92,nouadhibou,MR,1629351165.0,20.930999999999997,-17.0347,89.0,84.0,71.07799999999997,3.6
93,high level,CA,1629351166.0,58.5169,-117.13600000000001,90.0,72.0,59.37799999999997,2.06
94,cabedelo,BR,1629351122.0,-6.9811,-34.8339,2.0,89.0,70.73599999999995,5.03
95,kushima,JP,1629351167.0,31.4583,131.2333,100.0,92.0,85.78399999999998,1.76
96,tabiauea,,,,,,,,
97,tuktoyaktuk,CA,1629350889.0,69.4541,-133.0374,75.0,93.0,43.069999999999965,3.6
98,codrington,AU,1629350987.0,-38.2667,141.9667,13.0,66.0,61.430000000000035,5.57
99,port hedland,AU,1629351009.0,-20.3167,118.5667,0.0,9.0,91.72400000000002,5.66
100,santa maria da boa vista,BR,1629351168.0,-8.8078,-39.8256,0.0,78.0,66.23599999999996,4.86
101,kamenka,RU,1629351168.0,51.3223,42.7678,0.0,27.0,85.87400000000002,3.6
102,pangnirtung,CA,1629351169.0,66.1451,-65.7125,100.0,90.0,47.17400000000002,1.12
103,teya,RU,1629351169.0,60.3778,92.6267,81.0,88.0,59.91799999999999,2.06
104,juneau,US,1629350916.0,58.3019,-134.4197,90.0,98.0,57.10999999999999,1.54
105,ketchikan,US,1629350993.0,55.3422,-131.6461,100.0,98.0,56.96600000000001,1.15
106,hohhot,CN,1629351170.0,40.8106,111.6522,40.0,69.0,77.558,2.0
107,zalantun,CN,1629351171.0,48.0,122.7167,100.0,85.0,71.20399999999995,7.74
108,mackay,AU,1629351025.0,-21.15,149.2,40.0,68.0,73.65199999999999,8.75
109,belushya guba,,,,,,,,
110,qujing,CN,1629351172.0,25.4833,103.7833,81.0,68.0,75.23599999999995,3.58
111,mahebourg,MU,1629350918.0,-20.4081,57.7,20.0,64.0,75.75800000000002,7.72
112,cairns,AU,1629351011.0,-16.9167,145.7667,24.0,55.0,84.34399999999997,6.69
113,iqaluit,CA,1629350861.0,63.7506,-68.5145,90.0,100.0,42.8,0.0
114,vila velha,BR,1629350697.0,-20.3297,-40.2925,75.0,88.0,70.01600000000002,1.03
115,kodinsk,RU,1629351174.0,58.6881,99.1844,100.0,41.0,73.92200000000005,2.85
116,bethel,US,1629350914.0,41.3712,-73.414,100.0,91.0,77.75600000000003,0.45
117,ouadda,CF,1629351174.0,8.0777,22.4007,100.0,95.0,70.44800000000005,1.62
118,sehithwa,BW,1629351175.0,-20.4667,22.7167,0.0,26.0,64.21999999999997,0.32
119,puerto ayora,EC,1629350879.0,-0.7393,-90.3518,78.0,85.0,72.82400000000001,2.68
120,coihaique,CL,1629350831.0,-45.5752,-72.0662,90.0,93.0,37.61600000000001,1.03
121,saint-philippe,RE,1629350900.0,-21.3585,55.7679,48.0,81.0,75.48800000000007,6.35
122,san cristobal,VE,1629350912.0,7.7669,-72.225,63.0,95.0,65.15600000000003,0.69
123,palabuhanratu,,,,,,,,
124,raudeberg,NO,1629351176.0,61.9875,5.1352,98.0,86.0,53.47400000000002,0.89
125,sao joaquim,BR,1629351177.0,-28.2939,-49.9317,6.0,91.0,54.82400000000001,1.71
126,tecpan,GT,1629350989.0,14.7623,-90.9947,100.0,94.0,58.58599999999997,1.5
127,pekalongan,ID,1629351177.0,-6.8886,109.6753,90.0,67.0,84.70399999999995,1.95
128,nguiu,,,,,,,,
129,egvekinot,RU,1629350900.0,66.3167,-179.1667,100.0,78.0,41.108,1.29
130,chokurdakh,RU,1629350898.0,70.6333,147.9167,100.0,39.0,65.62400000000002,1.41
131,oranjemund,,1629351178.0,-28.55,16.4333,35.0,93.0,52.934,0.39
132,wamba,NG,1629350973.0,8.9333,8.6,100.0,99.0,69.61999999999996,0.49
133,vrangel,RU,1629350898.0,42.7297,133.0839,28.0,66.0,71.816,2.33
134,ribeira grande,PT,1629350913.0,38.5167,-28.7,92.0,89.0,74.01199999999996,5.04
135,harrison,US,1629351179.0,30.4091,-89.0436,1.0,86.0,86.32400000000001,1.54
136,saint-vallier,FR,1629351180.0,46.6411,4.3711,92.0,90.0,59.234,0.55
137,port alfred,ZA,1629350907.0,-33.5906,26.891,39.0,81.0,55.85,1.86
138,dawlatabad,AF,1629351058.0,36.4141,64.9053,0.0,12.0,91.38200000000002,3.89
139,talnakh,RU,1629351120.0,69.4865,88.3972,97.0,52.0,51.72799999999997,3.83
140,aripuana,BR,1629351181.0,-9.1667,-60.6333,0.0,42.0,72.78800000000005,0.89
141,kavieng,PG,1629350590.0,-2.5744,150.7967,97.0,65.0,84.434,1.03
142,hay river,CA,1629350863.0,60.8156,-115.7999,75.0,88.0,59.25199999999998,2.57
143,qaanaaq,GL,1629350942.0,77.484,-69.3632,99.0,91.0,38.91199999999996,0.58
144,esperance,AU,1629350892.0,-33.8667,121.9,15.0,63.0,66.308,6.54
145,uglegorsk,RU,1629351182.0,49.0833,142.0333,100.0,76.0,68.01799999999999,3.74
146,lavrentiya,RU,1629350956.0,65.5833,-171.0,100.0,88.0,42.782000000000025,4.23
147,tuggurt,,,,,,,,
148,faanui,PF,1629351183.0,-16.4833,-151.75,28.0,66.0,78.00800000000002,9.27
149,caravelas,BR,1629351092.0,-17.7125,-39.2481,86.0,74.0,71.63599999999997,3.91
150,kaeo,NZ,1629351184.0,-35.1,173.7833,11.0,71.0,57.596000000000046,2.63
151,noumea,NC,1629351184.0,-22.2763,166.4572,97.0,76.0,73.65199999999999,7.37
152,talakan,RU,1629351185.0,50.3167,130.3667,99.0,43.0,83.62400000000002,3.76
153,placido de castro,BR,1629351185.0,-10.3353,-67.1856,17.0,46.0,75.90199999999999,0.7
154,katsuura,JP,1629350961.0,35.1333,140.3,5.0,77.0,88.17799999999997,7.64
155,isangel,VU,1629350919.0,-19.55,169.2667,75.0,100.0,61.17799999999997,5.14
156,isla aguada,MX,1629351186.0,18.7833,-91.4667,99.0,80.0,84.41600000000003,6.21
157,syumsi,RU,1629351186.0,57.1111,51.6149,1.0,42.0,79.934,0.9
158,saldanha,ZA,1629350864.0,-33.0117,17.9442,99.0,81.0,50.32400000000001,5.88
159,sulangan,PH,1629351187.0,11.1373,123.7228,66.0,67.0,84.63200000000002,1.63
160,hasaki,JP,1629351070.0,35.7333,140.8333,1.0,79.0,92.066,10.19
161,ye,,,,,,,,
162,sandovo,RU,1629351116.0,58.4602,36.4128,80.0,59.0,64.47200000000004,3.22
163,geraldton,AU,1629350998.0,-28.7667,114.6,40.0,49.0,70.484,6.17
164,portpatrick,,,,,,,,
165,guerrero negro,MX,1629350970.0,27.9769,-114.0611,0.0,78.0,73.02200000000005,5.8
166,ouallam,NE,1629351189.0,14.3188,2.0866,59.0,73.0,79.64600000000004,4.85
167,kazalinsk,,,,,,,,
168,lebu,CL,1629350938.0,-37.6167,-73.65,96.0,88.0,50.05399999999995,4.19
169,fukue,JP,1629351190.0,32.6881,128.8419,75.0,78.0,81.23000000000005,2.57
170,tasiilaq,GL,1629350897.0,65.6145,-37.6368,100.0,92.0,43.232000000000006,1.14
171,huron,US,1629351190.0,41.1501,-82.5499,35.0,94.0,70.95199999999997,1.8
172,salalah,OM,1629350952.0,17.0151,54.0924,90.0,100.0,77.35999999999999,1.54
173,vellmar,DE,1629351191.0,51.3581,9.4797,75.0,94.0,62.18599999999997,2.06
174,naze,JP,1629351101.0,28.3667,129.4833,100.0,84.0,74.58800000000005,2.5
175,najran,SA,1629351192.0,17.4924,44.1277,81.0,16.0,88.71799999999998,2.3
176,bacuit,,,,,,,,
177,irbit,RU,1629351192.0,57.6705,63.071000000000005,92.0,46.0,78.54800000000003,2.29
178,nantucket,US,1629351154.0,41.2835,-70.0995,1.0,79.0,75.57799999999997,2.57
179,hermanus,ZA,1629350880.0,-34.4187,19.2345,99.0,77.0,54.17599999999999,3.98
180,saskylakh,RU,1629350991.0,71.9167,114.0833,81.0,51.0,60.00800000000001,1.66
181,biloela,AU,1629351193.0,-24.4167,150.5,83.0,47.0,71.726,2.84
182,bengkulu,ID,1629350870.0,-3.8004,102.2655,100.0,88.0,76.35199999999998,3.94
183,bakchar,RU,1629351194.0,57.0186,82.0711,63.0,65.0,63.76999999999996,3.98
184,longyearbyen,SJ,1629350927.0,78.2186,15.6401,75.0,87.0,41.108,4.12
185,ponta do sol,PT,1629350902.0,32.6667,-17.1,0.0,64.0,70.7,1.52
186,rudbar,AF,1629351195.0,30.15,62.6,6.0,10.0,93.59600000000006,6.1
187,maceio,BR,1629351195.0,-9.6658,-35.7353,75.0,100.0,69.51199999999996,1.54
188,mazagao,BR,1629351196.0,-0.115,-51.2894,39.0,86.0,82.72400000000002,1.4
189,bababe,,,,,,,,
190,ivdel,RU,1629351196.0,60.6911,60.4206,46.0,53.0,76.1,0.99
191,grand river south east,,,,,,,,
192,barcelona,ES,1629351033.0,41.3888,2.1590000000000003,20.0,84.0,71.86999999999995,3.6
193,barrow,US,1629350894.0,71.2906,-156.7887,90.0,87.0,37.688000000000045,7.2
194,garissa,KE,1629351198.0,-0.4536,39.6401,100.0,65.0,76.92799999999997,8.7
195,hobyo,SO,1629351001.0,5.3505,48.5268,50.0,60.0,82.25600000000003,10.67
196,mys shmidta,,,,,,,,
197,utrecht,NL,1629350950.0,52.0,5.25,99.0,93.0,64.27400000000002,1.34
198,delmiro gouveia,BR,1629351199.0,-9.3886,-37.9992,35.0,97.0,65.13800000000005,2.52
199,obluche,,,,,,,,
200,tuatapere,NZ,1629351200.0,-46.1333,167.6833,100.0,90.0,47.08399999999999,4.06
201,valparaiso,CL,1629351169.0,-33.0393,-71.6273,90.0,100.0,54.788000000000046,0.0
202,torbay,CA,1629350863.0,47.6666,-52.7314,75.0,79.0,68.14399999999998,8.75
203,mendi,PG,1629351201.0,-6.1761,143.6513,100.0,98.0,59.55800000000001,0.81
204,fairlie,GB,1629351201.0,55.756,-4.8556,34.0,90.0,55.58000000000004,2.13
205,filingue,NE,1629351202.0,14.3521,3.3168,51.0,71.0,80.63599999999997,5.21
206,navlya,RU,1629351202.0,52.8281,34.4989,82.0,81.0,61.21400000000003,3.0
207,aitape,PG,1629351203.0,-3.1374,142.3475,32.0,73.0,83.94800000000005,2.94
208,dingle,PH,1629350957.0,10.9995,122.6711,20.0,61.0,89.33000000000004,2.69
209,aklavik,CA,1629351027.0,68.2191,-135.0107,74.0,87.0,43.89800000000002,2.39
210,ostrovnoy,RU,1629351090.0,68.0531,39.5131,100.0,78.0,60.54800000000003,6.51
211,yellamanchili,,,,,,,,
212,monrovia,LR,1629351204.0,6.3005,-10.7969,39.0,73.0,76.45999999999998,3.11
213,idenao,CM,1629351204.0,4.2475,9.0047,98.0,90.0,73.11199999999997,2.49
214,upernavik,GL,1629350871.0,72.7868,-56.1549,88.0,83.0,40.69399999999997,3.71
215,port blair,IN,1629351013.0,11.6667,92.75,40.0,79.0,88.10600000000002,6.17
216,sao joao da barra,BR,1629350943.0,-21.6403,-41.0511,2.0,83.0,71.52799999999995,8.48
217,lagoa,PT,1629350921.0,39.05,-27.9833,44.0,87.0,73.184,7.36
218,thinadhoo,MV,1629351206.0,0.5333,72.9333,21.0,72.0,82.27400000000002,3.24
219,omaruru,,1629351206.0,-21.4333,15.9333,0.0,29.0,51.67400000000002,1.64
220,port angeles,US,1629351207.0,48.1181,-123.4307,1.0,95.0,62.97799999999997,4.63
221,hofn,IS,1629351043.0,64.2539,-15.2082,100.0,91.0,52.66400000000003,2.35
222,ivanava,BY,1629351207.0,52.1451,25.5365,45.0,69.0,58.58599999999997,4.54
223,victoria,HK,1629350720.0,22.2855,114.1577,96.0,82.0,86.59399999999997,0.89
224,doka,SD,1629351208.0,13.5167,35.7667,58.0,81.0,74.78599999999997,5.54
225,khatanga,RU,1629350888.0,71.9667,102.5,100.0,48.0,54.46400000000003,3.16
226,pitimbu,BR,1629351065.0,-7.4706,-34.8086,5.0,86.0,70.66400000000004,4.87
227,meyungs,,,,,,,,
228,ampanihy,MG,1629351209.0,-24.7,44.75,0.0,44.0,73.81400000000005,3.0
229,champerico,GT,1629351117.0,14.3,-91.9167,100.0,81.0,82.99399999999997,3.01
230,ler,SS,1629351210.0,8.3018,30.1418,79.0,77.0,77.09000000000003,0.99
231,lorengau,PG,1629350935.0,-2.0226,147.2712,85.0,65.0,85.60399999999996,2.95
232,manado,ID,1629351211.0,1.4869999999999999,124.8455,40.0,94.0,78.04399999999998,1.54
233,bredasdorp,ZA,1629350864.0,-34.5322,20.0403,100.0,82.0,51.385999999999974,2.06
234,itaituba,BR,1629351211.0,-4.2761,-55.9836,29.0,62.0,72.93200000000002,1.21
235,khandyga,RU,1629351212.0,62.6667,135.6,84.0,62.0,63.14000000000002,0.79
236,lugo,ES,1629351212.0,43.0,-7.5,54.0,100.0,56.75,5.36
237,norman wells,CA,1629350880.0,65.282,-126.8329,75.0,93.0,52.10600000000003,1.54
238,wellington,NZ,1629351075.0,-41.2866,174.7756,4.0,70.0,55.92200000000004,1.79
239,wenling,CN,1629351213.0,28.3669,121.36,100.0,71.0,82.65199999999999,2.96
240,grand gaube,MU,1629351071.0,-20.0064,57.6608,72.0,65.0,75.86600000000001,4.47
241,samusu,,,,,,,,
242,miyoshi,JP,1629351214.0,35.0833,137.0667,100.0,78.0,75.59600000000006,3.05
243,new norfolk,AU,1629350909.0,-42.7826,147.0587,76.0,58.0,58.19000000000002,0.45
244,lolua,,,,,,,,
245,atocha,BO,1629351215.0,-20.9333,-66.2333,0.0,12.0,40.92799999999996,2.22
246,saint george,US,1629350725.0,37.1041,-113.5841,90.0,50.0,84.93800000000005,9.26
247,bambous virieux,MU,1629351056.0,-20.3428,57.7575,20.0,64.0,75.72200000000005,7.72
248,marawi,PH,1629350866.0,7.9986,124.2928,36.0,65.0,76.90999999999998,1.59
249,severnyy-kospashskiy,RU,1629351216.0,59.0925,57.8008,77.0,53.0,75.07400000000001,1.7
250,bathsheba,BB,1629351001.0,13.2167,-59.5167,75.0,88.0,77.88200000000002,3.6
251,mersing,MY,1629351216.0,2.4312,103.8405,40.0,70.0,86.18000000000004,4.12
252,elizabeth city,US,1629351217.0,36.2946,-76.2511,1.0,93.0,82.27400000000002,0.89
253,flin flon,CA,1629351177.0,54.7682,-101.865,98.0,56.0,53.18599999999997,2.73
254,chuy,UY,1629350976.0,-33.6971,-53.4616,97.0,96.0,62.564000000000036,2.49
255,sao filipe,CV,1629350924.0,14.8961,-24.4956,92.0,85.0,78.11600000000001,1.86
256,fairbanks,US,1629351218.0,64.8378,-147.7164,1.0,72.0,53.86999999999996,0.0
257,alice springs,AU,1629350921.0,-23.7,133.8833,0.0,12.0,78.61999999999995,3.6
258,mandera,KE,1629351219.0,3.9366,41.867,51.0,41.0,81.93200000000002,8.67
259,adrar,MR,1629351098.0,20.5022,-10.0711,78.0,36.0,87.83599999999996,4.75
260,bahia blanca,AR,1629350970.0,-38.7196,-62.2724,100.0,36.0,59.35999999999999,4.18
261,san patricio,US,1629350956.0,28.017,-97.5169,89.0,74.0,87.96199999999996,8.24
262,berlevag,NO,1629351220.0,70.8578,29.0864,75.0,93.0,48.46999999999996,10.8
263,russell,US,1629351220.0,32.3502,-85.1999,1.0,94.0,80.09600000000006,0.0
264,aksu,CN,1629350887.0,41.1231,80.2644,90.0,20.0,85.02799999999995,1.73
265,grand-santi,GF,1629351221.0,4.25,-54.3833,43.0,97.0,71.41999999999996,0.74
266,ijaki,,,,,,,,
267,cidreira,BR,1629350873.0,-30.1811,-50.2056,34.0,85.0,65.11999999999996,3.97
268,ilulissat,GL,1629351041.0,69.2167,-51.1,100.0,87.0,43.08800000000005,0.0
269,westport,US,1629350838.0,41.1415,-73.3579,90.0,94.0,79.25,0.45
270,bud,US,1629351222.0,39.446999999999996,-86.1758,100.0,96.0,74.56999999999995,2.76
271,leo,BF,1629351223.0,11.1,-2.1,99.0,87.0,70.53800000000005,1.07
272,chakwal,PK,1629351223.0,32.9334,72.8585,0.0,33.0,95.59399999999997,2.94
273,kirkland lake,CA,1629351062.0,48.1446,-80.0377,25.0,88.0,68.558,1.88
274,kaduy,RU,1629351224.0,59.2,37.15,84.0,67.0,61.10600000000003,3.31
275,kyren,RU,1629351126.0,51.6828,102.1408,33.0,53.0,68.70199999999997,1.55
276,mehamn,NO,1629351048.0,71.0357,27.8492,75.0,93.0,48.41600000000001,8.75
277,buta,CD,1629351225.0,2.7858,24.73,100.0,99.0,69.74600000000005,0.48
278,gamboula,CF,1629351225.0,4.1178,15.1393,100.0,98.0,68.45,0.85
279,harper,LR,1629350988.0,4.375,-7.7169,99.0,82.0,74.71400000000003,1.27
280,beihai,CN,1629351226.0,21.4833,109.1,76.0,68.0,87.60199999999998,3.66
281,merauke,ID,1629351227.0,-8.4667,140.3333,89.0,78.0,79.7,6.84
282,mao,ES,1629351227.0,39.8885,4.2658,20.0,94.0,72.42799999999997,2.06
283,morant bay,JM,1629351227.0,17.8815,-76.4093,100.0,84.0,82.292,4.64
284,causapscal,CA,1629351228.0,48.3542,-67.227,0.0,96.0,65.10199999999998,0.95
285,utiroa,,,,,,,,
286,tasbuget,,,,,,,,
287,gueret,FR,1629351229.0,46.1667,1.8667,89.0,90.0,56.3,0.68
288,biak,ID,1629351229.0,-0.9131,122.8766,44.0,81.0,79.84399999999997,4.48
289,cabra,ES,1629351230.0,37.4725,-4.4421,0.0,76.0,71.92399999999999,0.91
290,faya,SA,1629351230.0,18.3851,42.4509,44.0,38.0,74.19200000000002,2.71
291,touros,BR,1629351040.0,-5.1989,-35.4608,53.0,88.0,70.96999999999997,6.15
292,byron bay,AU,1629351224.0,-28.65,153.6167,49.0,59.0,70.17799999999997,3.01
293,baherden,TM,1629351232.0,38.4362,57.4316,0.0,13.0,90.734,2.51
294,luderitz,,1629351232.0,-26.6481,15.1594,14.0,83.0,53.042,4.41
295,taolanaro,,,,,,,,
296,jumla,NP,1629350959.0,29.2747,82.1838,94.0,74.0,71.65399999999995,1.75
297,munak,IN,1629351234.0,29.5187,76.8486,86.0,48.0,93.95600000000003,1.31
298,lukovetskiy,RU,1629351234.0,64.2956,41.9211,90.0,91.0,66.45199999999997,2.52
299,nishihara,JP,1629351069.0,26.1842,127.7558,90.0,89.0,80.92399999999999,2.06
300,szczytno,PL,1629351235.0,53.5626,20.9875,0.0,77.0,60.99800000000002,5.14
301,nadvoitsy,RU,1629351235.0,63.8667,34.3167,55.0,73.0,60.908,6.1
302,rassvet,RU,1629351236.0,46.8333,40.75,56.0,55.0,80.88800000000005,6.0
303,constitucion,CL,1629350896.0,-35.3333,-72.4167,96.0,94.0,52.51999999999996,4.24
304,sandy bay,AU,1629351236.0,-42.913000000000004,147.3532,40.0,64.0,59.41400000000003,0.45
305,celestun,MX,1629351237.0,20.8667,-90.4,81.0,73.0,81.392,6.31
306,haverfordwest,GB,1629351237.0,51.8017,-4.9691,98.0,93.0,61.82599999999999,0.45
307,shache,CN,1629351061.0,38.4167,77.2406,10.0,10.0,89.56400000000004,2.24
308,namatanai,PG,1629350930.0,-3.6667,152.4333,84.0,68.0,84.65,2.01
309,chaumont,FR,1629351238.0,48.1167,5.1333,100.0,91.0,59.55800000000001,1.83
310,san quintin,MX,1629351238.0,30.4833,-115.95,11.0,74.0,71.834,1.54
311,alofi,NU,1629350878.0,-19.0595,-169.9187,24.0,78.0,75.36199999999997,2.57
312,jabalpur,IN,1629350977.0,23.166999999999998,79.9501,90.0,94.0,79.91600000000003,1.54
313,angermunde,DE,1629351239.0,53.015,13.9992,82.0,81.0,64.34600000000006,5.47
314,murwillumbah,AU,1629351240.0,-28.3167,153.4,90.0,59.0,71.00600000000003,3.09
315,paamiut,GL,1629351240.0,61.994,-49.6678,100.0,98.0,43.753999999999955,6.35
316,dire dawa,ET,1629351241.0,9.5931,41.8661,75.0,52.0,79.01600000000002,5.75
317,ibiuna,BR,1629351241.0,-23.6564,-47.2225,0.0,56.0,68.07200000000003,1.61
318,breves,BR,1629351242.0,-1.6822,-50.4803,8.0,93.0,72.66199999999995,1.62
319,namibe,AO,1629350926.0,-15.1961,12.1522,1.0,86.0,61.753999999999955,3.04
320,marcona,,,,,,,,
321,andarab,,,,,,,,
322,morondava,MG,1629351243.0,-20.2833,44.2833,0.0,57.0,74.51600000000002,2.11
323,moratuwa,LK,1629351243.0,6.773,79.8816,86.0,74.0,84.48800000000007,4.46
324,ixtapa,MX,1629351243.0,20.7,-105.2,100.0,90.0,79.50199999999998,0.45
325,diamantino,BR,1629351099.0,-14.4086,-56.4461,0.0,36.0,72.57200000000003,2.51
326,porto alegre,BR,1629350959.0,-30.0331,-51.23,0.0,88.0,72.15800000000002,1.54
327,santa cruz,BO,1629351244.0,-17.8,-63.1667,0.0,50.0,73.52599999999998,3.75
328,siavonga,ZM,1629351245.0,-16.5382,28.7088,0.0,44.0,69.81799999999998,1.96
329,iskateley,RU,1629351060.0,67.6803,53.1512,100.0,83.0,51.188000000000045,7.0
330,mazamari,PE,1629351246.0,-11.3258,-74.5308,67.0,66.0,74.28200000000002,0.91
331,suntar,RU,1629350892.0,62.1444,117.6319,78.0,55.0,68.19800000000004,1.05
332,aleksandrovka,UA,1629351246.0,46.8383,32.7612,7.0,72.0,70.17799999999997,5.2
333,saint-louis,SN,1629351247.0,16.3333,-15.0,100.0,84.0,77.35999999999999,4.55
334,airai,TL,1629350890.0,-8.9266,125.4092,9.0,39.0,77.25199999999998,1.61
335,grand-lahou,CI,1629351247.0,5.1367,-5.0242,91.0,88.0,72.46400000000003,2.23
336,rosarito,MX,1629351248.0,32.3333,-117.0333,90.0,85.0,73.34600000000006,2.02
337,ponta delgada,PT,1629351199.0,37.7333,-25.6667,40.0,88.0,74.39000000000001,4.12
338,leningradskiy,RU,1629350970.0,69.3833,178.4167,48.0,62.0,48.75800000000001,4.05
339,san juan,AR,1629350859.0,-31.5375,-68.5364,4.0,11.0,70.05199999999998,6.32
340,atasu,KZ,1629351249.0,48.6814,71.6433,60.0,27.0,82.958,4.87
341,manta,EC,1629351249.0,-0.95,-80.7333,90.0,88.0,73.45399999999995,4.12
342,owando,CG,1629351250.0,-0.4819,15.8999,100.0,87.0,73.09399999999997,1.76
343,ancud,CL,1629351086.0,-41.8697,-73.8203,100.0,85.0,42.69199999999999,5.1
344,ambon,ID,1629351250.0,-3.6954,128.1814,40.0,94.0,79.21400000000003,3.09
345,nizhneyansk,,,,,,,,
346,hami,CN,1629351251.0,42.8,93.45,0.0,23.0,82.976,0.48
347,praia da vitoria,PT,1629351029.0,38.7333,-27.0667,20.0,94.0,72.12200000000004,2.69
348,lyaskelya,RU,1629351252.0,61.7667,31.0167,92.0,83.0,58.81999999999997,6.06
349,santiago,CL,1629351252.0,-33.4569,-70.6483,90.0,93.0,49.42400000000002,3.6
350,vila do maio,CV,1629351015.0,15.1333,-23.2167,99.0,85.0,78.06199999999995,2.98
351,erenhot,CN,1629351253.0,43.6475,111.9767,3.0,24.0,84.72200000000005,11.17
352,tumannyy,,,,,,,,
353,sao jose da coroa grande,BR,1629351254.0,-8.8978,-35.1478,39.0,85.0,73.92200000000005,4.8
354,sept-iles,CA,1629351062.0,50.2001,-66.3821,1.0,89.0,64.32799999999997,1.03
355,hirado,JP,1629351254.0,33.3597,129.5531,8.0,75.0,85.62200000000004,2.22
356,theunissen,ZA,1629351255.0,-28.410999999999998,26.7011,0.0,49.0,46.07599999999999,1.8
357,marsh harbour,BS,1629351111.0,26.5412,-77.0636,8.0,76.0,82.43599999999998,3.75
358,clyde river,CA,1629350918.0,70.4692,-68.5914,100.0,92.0,39.253999999999955,2.98
359,batabano,CU,1629351255.0,22.7164,-82.2881,98.0,87.0,79.68200000000002,5.02
360,kostomuksha,RU,1629351256.0,64.571,30.5767,79.0,82.0,58.67599999999999,5.89
361,half moon bay,US,1629350944.0,37.4636,-122.4286,40.0,80.0,66.66799999999998,0.0
362,morgan city,US,1629351257.0,29.6994,-91.2068,1.0,94.0,82.27400000000002,2.06
363,verkhnevilyuysk,RU,1629351257.0,63.4453,120.3167,88.0,55.0,67.28000000000004,0.71
364,daman,IN,1629351257.0,20.4167,72.85,100.0,95.0,76.71199999999995,4.76
365,camana,PE,1629351258.0,-16.6228,-72.7111,6.0,85.0,59.16199999999996,3.84
366,esmeraldas,BR,1629350937.0,-19.7625,-44.3139,0.0,77.0,63.734,2.15
367,otane,NZ,1629351259.0,-39.8833,176.6333,28.0,74.0,55.27400000000002,2.22
368,qandahar,,,,,,,,
369,brae,GB,1629351006.0,60.3964,-1.3530000000000002,21.0,84.0,53.78000000000005,6.32
370,sakakah,SA,1629351260.0,29.9697,40.2064,0.0,18.0,82.23800000000007,1.69
371,oropoli,HN,1629351260.0,13.8167,-86.8167,100.0,93.0,78.16999999999996,0.78
372,kalmunai,LK,1629351261.0,7.4167,81.8167,100.0,49.0,90.44600000000004,0.81
373,kismayo,SO,1629351262.0,-0.3582,42.5454,100.0,75.0,79.77200000000005,7.68
374,southbridge,US,1629351262.0,42.0751,-72.0334,98.0,93.0,73.27400000000002,1.54
375,mangan,IN,1629351262.0,27.5167,88.5333,100.0,88.0,79.358,0.63
376,trairi,BR,1629350906.0,-3.2778,-39.2689,28.0,76.0,77.70199999999997,6.46
377,barbar,,,,,,,,
378,takoradi,GH,1629351263.0,4.8845,-1.7554,77.0,90.0,73.16600000000003,2.5
379,college,US,1629351264.0,64.8569,-147.8028,40.0,71.0,53.85199999999998,0.0
380,paita,PE,1629351264.0,-5.0892,-81.1144,64.0,89.0,64.38200000000002,4.36
381,husavik,IS,1629351265.0,66.0449,-17.3389,93.0,84.0,50.180000000000035,1.65
382,laizhou,CN,1629351265.0,37.1717,119.9214,66.0,52.0,85.45999999999998,0.84
383,maragogi,BR,1629351265.0,-9.0122,-35.2225,41.0,86.0,73.68800000000005,5.06
384,lengshuitan,CN,1629351266.0,26.4111,111.5956,29.0,51.0,95.234,1.55
385,flinders,AU,1629350997.0,-34.5833,150.8552,92.0,54.0,71.47400000000002,1.79
386,komsomolskiy,UZ,1629350985.0,40.4272,71.7189,0.0,23.0,85.19000000000003,2.06
387,emba,KZ,1629351267.0,48.8264,58.1442,4.0,15.0,93.66799999999998,4.12
388,saint-joseph,RE,1629351267.0,-21.3667,55.6167,22.0,70.0,74.48000000000005,5.23
389,tibiri,NE,1629351268.0,13.5627,7.0485,79.0,76.0,77.25199999999998,2.62
390,leshukonskoye,RU,1629351268.0,64.8989,45.7622,77.0,85.0,69.61999999999996,3.31
391,denpasar,ID,1629351185.0,-8.65,115.2167,40.0,74.0,84.12799999999996,5.14
392,coahuayana,MX,1629350869.0,18.7333,-103.6833,100.0,94.0,77.342,1.67
393,manaure,CO,1629351269.0,11.7751,-72.4445,54.0,74.0,82.14800000000002,7.62
394,te anau,NZ,1629350957.0,-45.4167,167.7167,100.0,94.0,43.32200000000004,2.8
395,gazalkent,UZ,1629351270.0,41.5581,69.7708,0.0,12.0,79.43000000000005,4.09
396,antofagasta,CL,1629351270.0,-23.65,-70.4,1.0,79.0,58.55,0.55
397,singapore,SG,1629350714.0,1.2897,103.8501,75.0,63.0,86.21600000000002,5.14
398,fort nelson,CA,1629351271.0,58.8053,-122.7002,75.0,82.0,53.45600000000003,2.06
399,silver city,US,1629351271.0,32.7701,-108.2803,90.0,87.0,66.90199999999999,8.23
400,makakilo city,US,1629351126.0,21.3469,-158.0858,1.0,65.0,81.19399999999997,2.57
401,los llanos de aridane,ES,1629351027.0,28.6585,-17.9182,0.0,22.0,73.41799999999998,4.12
402,tilichiki,RU,1629351272.0,60.4667,166.1,100.0,73.0,50.25199999999998,2.07
403,tessalit,ML,1629351273.0,20.1986,1.0114,9.0,44.0,86.71999999999996,2.79
404,samsun,TR,1629351273.0,41.25,36.3333,20.0,83.0,72.62599999999998,1.54
405,orjahovo,,,,,,,,
406,lomza,PL,1629351274.0,53.1781,22.0593,63.0,80.0,63.103999999999964,6.16
407,eureka,US,1629351274.0,40.8021,-124.1637,5.0,77.0,57.84800000000003,0.89
408,otavi,,1629351275.0,-19.65,17.3333,0.0,13.0,61.73599999999997,1.53
409,norsup,VU,1629351275.0,-16.0667,167.3833,30.0,82.0,78.98000000000005,4.65
410,ola,RU,1629351276.0,59.5833,151.2833,99.0,90.0,55.814000000000036,5.49
411,pinega,RU,1629351276.0,64.7001,43.3936,78.0,94.0,65.03000000000004,2.62
412,vredendal,ZA,1629350904.0,-31.6683,18.5012,60.0,94.0,50.71999999999996,2.96
413,haines junction,CA,1629351277.0,60.7522,-137.5108,100.0,67.0,55.61600000000002,5.14
414,axim,GH,1629350888.0,4.8699,-2.2405,89.0,86.0,74.42599999999999,2.33
415,pevek,RU,1629350928.0,69.7008,170.3133,94.0,58.0,48.63200000000002,6.15
416,pamekasan,ID,1629351278.0,-7.1568,113.4746,98.0,55.0,86.97200000000004,3.34
417,kouango,CF,1629351278.0,4.9934,19.9619,80.0,94.0,70.32200000000003,1.47
418,alamosa,US,1629351279.0,37.4695,-105.87,1.0,59.0,64.184,4.12
419,hargeysa,SO,1629351279.0,9.56,44.065,11.0,40.0,79.12400000000002,13.57
420,garm,,,,,,,,
421,snasa,NO,1629351280.0,64.2457,12.3778,100.0,98.0,51.47599999999999,4.56
422,mercedes,AR,1629351280.0,-34.6515,-59.4307,100.0,98.0,57.30800000000001,4.03
423,buchanan,LR,1629351281.0,5.8808,-10.0467,40.0,77.0,75.308,2.19
424,piacabucu,BR,1629351281.0,-10.4056,-36.4344,52.0,85.0,73.04000000000002,5.1
425,samalaeulu,,,,,,,,
426,orito,CO,1629351282.0,0.6766,-76.8771,94.0,82.0,71.49199999999998,1.37
427,asau,RO,1629351282.0,46.4333,26.4,50.0,75.0,64.21999999999997,1.05
428,buala,SB,1629351024.0,-8.145,159.5921,30.0,74.0,83.49800000000002,2.63
429,lipin bor,RU,1629351283.0,60.2622,37.9763,75.0,72.0,62.47400000000002,4.29
430,ilam,NP,1629351284.0,26.9167,87.9167,100.0,89.0,72.06799999999998,0.92
431,meulaboh,ID,1629350899.0,4.1363,96.1285,93.0,67.0,82.56199999999995,1.36
432,toktogul,KG,1629351284.0,41.8708,72.9402,8.0,27.0,78.368,1.54
433,artyk,,,,,,,,
434,nabire,ID,1629351036.0,-3.3667,135.4833,58.0,69.0,84.00199999999998,2.62
435,yumen,CN,1629350875.0,40.2833,97.2,0.0,17.0,79.05199999999998,3.12
436,nemuro,JP,1629351095.0,43.3236,145.575,83.0,85.0,72.30199999999998,5.76
437,port lincoln,AU,1629350893.0,-34.7333,135.8667,83.0,46.0,66.65,7.01
438,barra,BR,1629351286.0,-11.0894,-43.1417,7.0,66.0,69.80000000000001,4.63
439,belaya gora,RU,1629351287.0,68.5333,146.4167,98.0,33.0,68.71999999999997,1.91
440,takhtamygda,RU,1629351287.0,54.1,123.5667,100.0,89.0,68.63000000000005,3.37
441,astara,AZ,1629351288.0,38.5,48.6667,20.0,23.0,73.65199999999999,3.06
442,kyra,RU,1629351288.0,49.5776,111.9753,100.0,69.0,61.142,5.19
443,chagda,,,,,,,,
444,dali,CN,1629351289.0,25.7,100.1833,100.0,95.0,64.00399999999996,1.6
445,nioro,GM,1629351289.0,13.35,-15.75,100.0,94.0,74.67799999999997,1.57
446,northam,GB,1629351290.0,51.0333,-4.2167,77.0,94.0,60.69199999999999,3.88
447,sawakin,SD,1629351009.0,19.1059,37.3321,32.0,48.0,94.69399999999996,0.91
448,cornwall,CA,1629351000.0,45.0181,-74.7281,75.0,94.0,73.976,0.0
449,wewak,PG,1629351291.0,-3.5534,143.6268,55.0,71.0,84.18200000000002,3.61
450,yulara,AU,1629351108.0,-25.2406,130.9889,0.0,9.0,78.90800000000002,4.12
451,kologriv,RU,1629351292.0,58.8275,44.3178,58.0,60.0,75.41600000000003,3.14
452,tagusao,PH,1629351292.0,9.1924,117.8141,48.0,69.0,85.78399999999998,2.82
453,bollnas,SE,1629351293.0,61.3482,16.3946,100.0,97.0,54.392,4.39
454,san isidro,PE,1629351293.0,-12.1167,-77.05,90.0,91.0,61.28599999999997,0.45
455,atouguia da baleia,PT,1629351294.0,39.3381,-9.3263,14.0,91.0,62.096000000000046,6.41
456,iskar,BG,1629351294.0,43.45,24.2667,1.0,63.0,64.868,3.09
457,sorvag,,,,,,,,
458,havelock,US,1629351295.0,34.8791,-76.9013,1.0,91.0,83.20999999999998,2.57
459,am timan,TD,1629351295.0,11.0297,20.2827,100.0,97.0,69.08000000000004,2.84
460,mapiripan,CO,1629351050.0,2.8892,-72.1256,100.0,98.0,71.54600000000005,1.63
461,bonavista,CA,1629351296.0,48.6499,-53.1147,90.0,85.0,68.26999999999995,6.31
462,sosnovo-ozerskoye,RU,1629351296.0,52.5249,111.5418,99.0,71.0,59.82799999999996,3.41
463,hualmay,PE,1629351103.0,-11.0964,-77.6139,36.0,86.0,61.41199999999996,4.71
464,darhan,MN,1629351297.0,49.4867,105.9228,52.0,44.0,69.74600000000005,4.91
465,robertsport,LR,1629351297.0,6.7533,-11.3686,50.0,75.0,77.84600000000006,3.65
466,iisaku,EE,1629351298.0,59.1014,27.3081,100.0,91.0,56.893999999999984,9.27
467,nalut,LY,1629351298.0,30.3333,10.85,0.0,22.0,83.89399999999998,4.5
468,tazovskiy,RU,1629351052.0,67.4667,78.7,96.0,74.0,46.814000000000036,8.55
469,hirara,JP,1629351299.0,24.8,125.2833,75.0,70.0,88.34000000000003,1.54
470,toora-khem,RU,1629351300.0,52.4675,96.11,15.0,33.0,71.94200000000002,2.49
471,mount gambier,AU,1629351042.0,-37.8333,140.7667,40.0,48.0,64.58000000000004,6.69
472,vasterhaninge,SE,1629351300.0,59.1167,18.1,76.0,10.0,56.10199999999998,6.58
473,griffith,US,1629351301.0,41.5284,-87.4237,40.0,93.0,77.19800000000005,0.0
474,mecca,SA,1629351303.0,21.4267,39.8261,3.0,47.0,89.79800000000004,2.37
475,hambantota,LK,1629351072.0,6.1241,81.1185,40.0,55.0,92.01199999999996,7.72
476,formoso do araguaia,,,,,,,,
477,nome,US,1629350983.0,64.5011,-165.4064,90.0,81.0,48.542,4.12
478,hailey,US,1629351187.0,43.5196,-114.3153,75.0,50.0,53.72599999999999,1.54
479,tyrma,RU,1629351304.0,50.0833,132.1667,76.0,38.0,83.96600000000002,1.34
480,myitkyina,MM,1629351305.0,25.3833,97.4,100.0,100.0,73.74199999999998,0.75
481,sorong,ID,1629350984.0,-0.8833,131.25,100.0,75.0,81.93200000000002,1.91
482,tairua,NZ,1629351305.0,-37.0167,175.85,15.0,68.0,55.364000000000026,4.36
483,joseni,RO,1629351306.0,46.7,25.5,9.0,78.0,56.011999999999965,0.85
484,anar darreh,,,,,,,,
485,lata,PT,1629351306.0,40.1629,-8.3327,12.0,90.0,58.08200000000002,0.71
486,taltal,CL,1629351307.0,-25.4,-70.4833,8.0,67.0,59.95399999999995,1.67
487,boca do acre,BR,1629351308.0,-8.7522,-67.3978,60.0,43.0,79.37599999999998,0.21
488,richards bay,ZA,1629351308.0,-28.783,32.0377,52.0,77.0,67.90999999999998,4.91
489,waingapu,ID,1629351020.0,-9.6567,120.2641,59.0,54.0,85.87400000000002,6.57
490,halalo,,,,,,,,
491,toliary,,,,,,,,
492,omboue,GA,1629351309.0,-1.5746,9.2618,100.0,91.0,73.16600000000003,3.53
493,kainantu,PG,1629351310.0,-6.2887,145.8655,86.0,63.0,72.08599999999997,2.45
494,san andres,CO,1629351311.0,12.5847,-81.7006,20.0,83.0,82.68800000000005,2.06
495,gemena,CD,1629351060.0,3.25,19.7667,97.0,95.0,69.11600000000001,0.35
496,angoche,MZ,1629351294.0,-16.2325,39.9086,5.0,71.0,75.2,2.66
497,kumluca,TR,1629351312.0,36.3703,30.2869,0.0,38.0,88.91600000000003,1.18
498,karaul,,,,,,,,
499,rorvik,NO,1629351313.0,64.8621,11.2373,75.0,100.0,52.17799999999997,6.17
500,gamba,GA,1629350931.0,-2.65,10.0,100.0,88.0,74.04800000000003,2.73
501,kachug,RU,1629351313.0,53.9606,105.8817,60.0,48.0,66.70399999999995,3.56
502,uvalde,US,1629351314.0,29.3669,-99.76700000000001,40.0,82.0,84.39800000000002,4.63
503,logan lake,CA,1629351314.0,50.4998,-120.8025,98.0,55.0,68.108,1.79
504,lakatoro,VU,1629351315.0,-16.0999,167.4164,31.0,82.0,78.90800000000002,4.35
505,murgab,TM,1629351315.0,37.4966,61.9714,0.0,32.0,84.34399999999997,3.09
506,pakxan,LA,1629351316.0,18.3778,103.6601,88.0,59.0,90.95,2.47
507,khonuu,,,,,,,,
508,labrea,BR,1629351316.0,-7.2586,-64.7981,62.0,53.0,76.49600000000005,1.04
509,joetsu,JP,1629351317.0,37.1483,138.2364,94.0,81.0,92.67799999999997,2.49
510,resistencia,AR,1629351317.0,-27.4606,-58.9839,0.0,38.0,80.33000000000004,5.14
511,abalak,RU,1629351318.0,58.1286,68.5944,99.0,56.0,67.98200000000003,2.33
512,cherskiy,RU,1629350968.0,68.75,161.3,7.0,32.0,65.69600000000004,5.21
513,bustamante,MX,1629351318.0,26.5333,-100.5,44.0,67.0,82.92200000000005,4.44
514,syracuse,IT,1629351319.0,37.0881,15.2792,0.0,66.0,81.59000000000003,4.75
515,penzance,GB,1629351319.0,50.1186,-5.5371,99.0,96.0,62.07799999999996,4.49
516,iztapa,GT,1629351320.0,13.9333,-90.7075,90.0,91.0,76.83800000000005,2.62
517,skjervoy,NO,1629351320.0,70.0311,20.9714,100.0,85.0,52.25,5.88
518,palmer,US,1629351321.0,42.1584,-72.3287,90.0,78.0,74.35399999999996,0.0
519,cockburn harbour,,,,,,,,
520,bubaque,GW,1629351107.0,11.2833,-15.8333,100.0,88.0,78.00800000000002,10.51
521,suksun,RU,1629351322.0,57.1431,57.3949,73.0,41.0,82.70600000000003,4.32
522,prabumulih,ID,1629351322.0,-3.45,104.25,95.0,51.0,88.32200000000003,1.19
523,kamaishi,JP,1629351323.0,39.2667,141.8833,75.0,72.0,90.824,0.5
524,kita,ML,1629351323.0,13.0349,-9.4895,97.0,96.0,70.77200000000005,1.5
525,ada,US,1629351324.0,43.4166,-116.1262,1.0,53.0,63.482000000000006,4.63
526,marsa matruh,EG,1629351324.0,31.3525,27.2453,0.0,83.0,79.26799999999999,3.6
527,andros,GR,1629351121.0,37.8333,24.9333,0.0,50.0,84.99199999999998,3.58
528,malkangiri,IN,1629351325.0,18.35,81.9,98.0,70.0,86.35999999999999,3.37
529,agadir,MA,1629351325.0,30.4202,-9.5982,1.0,76.0,68.71999999999997,1.9
530,osypenko,UA,1629351326.0,46.9136,36.8253,4.0,45.0,82.05799999999999,2.29
531,shubarkuduk,KZ,1629351326.0,49.1447,56.4872,6.0,16.0,94.98200000000004,3.67
532,saint anthony,US,1629351033.0,45.0205,-93.21799999999999,1.0,75.0,77.32400000000001,0.89
533,mana,GF,1629351327.0,5.6592,-53.7767,28.0,89.0,76.24399999999997,3.05
534,antalaha,MG,1629351327.0,-14.9003,50.2788,100.0,93.0,70.68200000000002,2.31
535,port hueneme,US,1629351328.0,34.1478,-119.1951,90.0,83.0,71.6,0.0
536,darnah,LY,1629351328.0,32.766999999999996,22.6367,0.0,79.0,80.16799999999998,9.38
537,boguchany,RU,1629351329.0,58.3814,97.4531,88.0,40.0,74.19200000000002,3.02
538,narasannapeta,IN,1629351329.0,18.4167,84.05,85.0,65.0,88.77200000000003,6.02
539,oytal,KZ,1629351330.0,42.9057,73.2697,0.0,27.0,82.49000000000002,3.42
540,kataysk,RU,1629351330.0,56.288999999999994,62.5841,89.0,43.0,80.834,2.23
541,rungata,,,,,,,,
542,okha,RU,1629351331.0,53.5739,142.9478,45.0,59.0,76.67599999999999,2.84
543,yavatmal,IN,1629351331.0,20.4,78.1333,100.0,89.0,74.858,3.35
544,shelburne,CA,1629351177.0,44.0787,-80.2041,100.0,73.0,70.03399999999999,1.9
545,puquio,PE,1629351332.0,-14.7,-74.1333,88.0,65.0,50.77400000000002,2.5
546,bhanpuri,IN,1629351333.0,21.1,80.9167,99.0,68.0,85.94600000000004,2.76
547,birin,NP,1629351333.0,26.8865,88.0718,100.0,91.0,65.31799999999998,1.55
548,okhotsk,RU,1629351334.0,59.3833,143.3,90.0,85.0,63.33800000000005,4.22
549,sobolevo,RU,1629351334.0,54.4299,31.8996,92.0,66.0,61.592,3.16
550,anupgarh,IN,1629351335.0,29.1911,73.2086,58.0,24.0,102.90199999999996,4.84
551,veraval,IN,1629351335.0,20.9,70.3667,100.0,78.0,81.80600000000005,4.98
552,walvis bay,,1629351335.0,-22.9575,14.5053,0.0,87.0,48.36199999999995,3.09
553,altay,CN,1629351336.0,47.8667,88.1167,87.0,65.0,68.0,1.89
554,khurba,RU,1629351336.0,50.4072,136.8819,4.0,39.0,84.72200000000005,5.02
555,vestmannaeyjar,IS,1629350877.0,63.4427,-20.2734,100.0,87.0,53.996000000000045,5.0
556,turtas,RU,1629351337.0,58.9417,69.1325,93.0,49.0,71.67200000000005,3.25
557,ghanzi,BW,1629351338.0,-21.5667,21.7833,0.0,20.0,53.78000000000005,3.43
558,loveland,US,1629351283.0,40.3978,-105.075,1.0,47.0,80.18599999999998,3.58
559,popondetta,PG,1629351338.0,-8.7537,148.2534,40.0,63.0,84.83000000000004,2.52
560,napanee,CA,1629351215.0,44.2501,-76.9494,100.0,95.0,71.708,3.77
561,price,US,1629351339.0,39.5994,-110.8107,90.0,94.0,56.732000000000006,2.06
562,krasnyy chikoy,RU,1629351339.0,50.3643,108.7512,86.0,56.0,64.958,6.19
563,mindelo,CV,1629351340.0,16.8901,-24.9804,40.0,74.0,80.41999999999996,4.63
564,itarema,BR,1629351062.0,-2.9248,-39.9167,26.0,79.0,77.48599999999995,7.96
565,porto empedocle,IT,1629351340.0,37.2934,13.5264,0.0,65.0,74.984,1.31
566,chernyshevskiy,RU,1629351341.0,63.0128,112.4714,96.0,60.0,65.15600000000003,2.03
567,bo,,,,,,,,
568,mumford,GH,1629351067.0,5.2618,-0.759,87.0,81.0,72.35600000000002,3.28
569,bejar,ES,1629351342.0,40.3864,-5.7634,5.0,37.0,46.814000000000036,1.67
570,gravdal,NO,1629351342.0,68.1214,13.5031,75.0,100.0,53.761999999999965,4.12
571,miri,MY,1629351343.0,4.4148,114.0089,40.0,89.0,81.01400000000005,3.09
572,sayat,TM,1629351343.0,38.7839,63.8803,63.0,14.0,86.14399999999998,7.56
573,formosa,AR,1629351344.0,-26.1775,-58.1781,0.0,30.0,78.18800000000005,4.04
574,burns lake,CA,1629351344.0,54.2331,-125.7533,98.0,85.0,51.49399999999997,1.38
575,sagua la grande,CU,1629351344.0,22.8067,-80.0756,100.0,84.0,80.05999999999997,4.71
576,merrill,US,1629351345.0,45.1805,-89.6835,1.0,97.0,64.61600000000001,0.0
577,broken hill,AU,1629350858.0,-31.95,141.4333,1.0,19.0,67.98200000000003,3.6
578,kegayli,,,,,,,,
579,punta cardon,VE,1629351346.0,11.6581,-70.215,50.0,83.0,80.47400000000002,10.06
580,fortuna,US,1629350868.0,40.5982,-124.1573,90.0,71.0,61.682000000000016,0.0
581,rawson,AR,1629350992.0,-43.3002,-65.1023,97.0,40.0,51.20600000000003,5.21
582,fuerte olimpo,PY,1629351347.0,-21.0415,-57.8738,0.0,30.0,74.15600000000003,2.52
583,atar,MR,1629351347.0,20.5169,-13.0499,76.0,41.0,87.16999999999996,1.17
584,narsaq,GL,1629351066.0,60.9167,-46.05,100.0,95.0,46.885999999999974,1.78
585,talaya,RU,1629351348.0,61.3833,152.75,100.0,59.0,65.65999999999998,5.69
586,yenagoa,NG,1629351348.0,4.9247,6.2642,100.0,94.0,73.45399999999995,1.33
587,dawei,MM,1629351349.0,14.0833,98.2,9.0,62.0,87.63800000000003,3.36
588,atambua,ID,1629351109.0,-9.1061,124.8925,8.0,51.0,83.96600000000002,1.19
589,dalvik,IS,1629351079.0,65.9702,-18.5286,100.0,86.0,50.19800000000002,0.86
590,manaus,BR,1629351161.0,-3.1019,-60.025,0.0,83.0,81.35600000000002,0.0
591,vostok,RU,1629351350.0,46.4856,135.8833,0.0,36.0,80.816,2.81
592,luang prabang,LA,1629351350.0,19.8856,102.1347,75.0,70.0,88.03399999999998,3.09
593,chontalpa,MX,1629351351.0,17.7,-93.5167,46.0,87.0,76.78399999999998,0.92
594,kudahuvadhoo,MV,1629351352.0,2.6708,72.8944,99.0,71.0,82.56199999999995,3.36
595,bur gabo,,,,,,,,
596,allanridge,ZA,1629351353.0,-27.7543,26.6438,0.0,43.0,48.55999999999998,2.1
597,svetlaya,RU,1629351068.0,46.5389,138.3297,18.0,74.0,70.03399999999999,5.36
598,luwuk,ID,1629351353.0,-0.9516,122.7875,52.0,85.0,81.46400000000003,3.63
599,lukulu,ZM,1629351354.0,-14.3707,23.241999999999997,0.0,29.0,65.984,2.16
600,kabansk,RU,1629351354.0,52.0486,106.6528,64.0,53.0,68.75600000000003,5.2
601,chara,RU,1629351355.0,56.9064,118.2631,100.0,95.0,56.65999999999998,1.39
602,kavaratti,IN,1629351355.0,10.5669,72.642,100.0,78.0,81.89600000000004,7.24
603,kulu,TR,1629351356.0,39.0951,33.0799,0.0,35.0,76.1,4.04
604,diego de almagro,CL,1629351356.0,-26.3667,-70.05,1.0,44.0,54.608,0.86
605,bardiyah,LY,1629351357.0,31.7561,25.0865,39.0,78.0,80.90600000000003,7.5
606,klaksvik,FO,1629350901.0,62.2266,-6.5889999999999995,85.0,77.0,49.38800000000005,7.08
607,kirensk,RU,1629351357.0,57.7853,108.1119,98.0,66.0,62.25800000000001,2.57
608,chirongui,YT,1629351358.0,-12.9319,45.1483,58.0,74.0,78.99800000000002,7.96
609,diffa,NE,1629351358.0,13.3154,12.6113,98.0,73.0,77.59399999999997,5.97
610,tomatlan,MX,1629351006.0,19.9333,-105.25,100.0,94.0,75.14600000000004,1.94
611,acarau,BR,1629351359.0,-2.8856,-40.12,17.0,81.0,77.39600000000004,8.49
612,nenjiang,CN,1629351360.0,49.1833,125.2167,97.0,89.0,73.09399999999997,6.72
613,porbandar,IN,1629351360.0,21.6422,69.6093,98.0,68.0,83.62400000000002,5.19
614,kudat,MY,1629351361.0,6.8837,116.8477,40.0,62.0,89.79800000000004,2.57
615,san rafael del sur,NI,1629351361.0,11.8485,-86.4384,99.0,87.0,77.108,2.05
616,bullhead city,US,1629351127.0,35.1478,-114.5683,75.0,31.0,95.55799999999999,8.23
617,vila franca do campo,PT,1629350865.0,37.7167,-25.4333,65.0,88.0,74.084,3.0
618,chake chake,TZ,1629351362.0,-5.2459,39.7666,48.0,70.0,78.20600000000003,4.29
619,acari,PE,1629351362.0,-15.4311,-74.6158,76.0,71.0,63.5,1.43
620,cotacachi,EC,1629351363.0,0.3,-78.2667,60.0,89.0,55.21999999999996,1.4
621,khani,GE,1629351363.0,41.9563,42.9566,28.0,43.0,67.83800000000005,1.48
622,deseronto,CA,1629351364.0,44.2001,-77.0494,100.0,94.0,71.6,4.16
623,moree,AU,1629351110.0,-29.4667,149.85,40.0,46.0,70.08800000000005,4.12
624,ganzhou,CN,1629351364.0,28.8184,115.4327,76.0,73.0,88.05199999999998,1.44
625,seka,TH,1629351365.0,17.9285,103.9552,79.0,55.0,91.92200000000004,2.03
626,port keats,AU,1629351035.0,-14.25,129.55,0.0,53.0,84.10999999999999,5.29
627,genhe,CN,1629351365.0,50.7833,121.5167,100.0,98.0,61.484,1.76
628,saquena,PE,1629351366.0,-4.6667,-73.5167,38.0,96.0,72.51799999999999,1.15
